#
# TABLE STRUCTURE FOR: communities
#

DROP TABLE IF EXISTS `communities`;

CREATE TABLE `communities` (
  `id` bigint(20) unsigned NOT NULL AUTO_INCREMENT,
  `name` varchar(150) COLLATE utf8mb4_unicode_ci DEFAULT NULL,
  `admin_user_id` bigint(20) unsigned NOT NULL,
  UNIQUE KEY `id` (`id`),
  KEY `communities_name_idx` (`name`),
  KEY `admin_user_id` (`admin_user_id`),
  CONSTRAINT `communities_ibfk_1` FOREIGN KEY (`admin_user_id`) REFERENCES `users` (`id`)
) ENGINE=InnoDB AUTO_INCREMENT=101 DEFAULT CHARSET=utf8mb4 COLLATE=utf8mb4_unicode_ci;

INSERT INTO `communities` (`id`, `name`, `admin_user_id`) VALUES ('1', 'consequatur', '101');
INSERT INTO `communities` (`id`, `name`, `admin_user_id`) VALUES ('2', 'facere', '102');
INSERT INTO `communities` (`id`, `name`, `admin_user_id`) VALUES ('3', 'exercitationem', '103');
INSERT INTO `communities` (`id`, `name`, `admin_user_id`) VALUES ('4', 'tempore', '105');
INSERT INTO `communities` (`id`, `name`, `admin_user_id`) VALUES ('5', 'repellendus', '106');
INSERT INTO `communities` (`id`, `name`, `admin_user_id`) VALUES ('6', 'sit', '109');
INSERT INTO `communities` (`id`, `name`, `admin_user_id`) VALUES ('7', 'et', '110');
INSERT INTO `communities` (`id`, `name`, `admin_user_id`) VALUES ('8', 'optio', '112');
INSERT INTO `communities` (`id`, `name`, `admin_user_id`) VALUES ('9', 'blanditiis', '113');
INSERT INTO `communities` (`id`, `name`, `admin_user_id`) VALUES ('10', 'neque', '114');
INSERT INTO `communities` (`id`, `name`, `admin_user_id`) VALUES ('11', 'qui', '118');
INSERT INTO `communities` (`id`, `name`, `admin_user_id`) VALUES ('12', 'amet', '120');
INSERT INTO `communities` (`id`, `name`, `admin_user_id`) VALUES ('13', 'et', '121');
INSERT INTO `communities` (`id`, `name`, `admin_user_id`) VALUES ('14', 'est', '123');
INSERT INTO `communities` (`id`, `name`, `admin_user_id`) VALUES ('15', 'ipsam', '125');
INSERT INTO `communities` (`id`, `name`, `admin_user_id`) VALUES ('16', 'impedit', '126');
INSERT INTO `communities` (`id`, `name`, `admin_user_id`) VALUES ('17', 'ullam', '127');
INSERT INTO `communities` (`id`, `name`, `admin_user_id`) VALUES ('18', 'quis', '128');
INSERT INTO `communities` (`id`, `name`, `admin_user_id`) VALUES ('19', 'eius', '131');
INSERT INTO `communities` (`id`, `name`, `admin_user_id`) VALUES ('20', 'minima', '132');
INSERT INTO `communities` (`id`, `name`, `admin_user_id`) VALUES ('21', 'molestiae', '133');
INSERT INTO `communities` (`id`, `name`, `admin_user_id`) VALUES ('22', 'magni', '135');
INSERT INTO `communities` (`id`, `name`, `admin_user_id`) VALUES ('23', 'et', '137');
INSERT INTO `communities` (`id`, `name`, `admin_user_id`) VALUES ('24', 'cumque', '138');
INSERT INTO `communities` (`id`, `name`, `admin_user_id`) VALUES ('25', 'et', '139');
INSERT INTO `communities` (`id`, `name`, `admin_user_id`) VALUES ('26', 'in', '141');
INSERT INTO `communities` (`id`, `name`, `admin_user_id`) VALUES ('27', 'numquam', '144');
INSERT INTO `communities` (`id`, `name`, `admin_user_id`) VALUES ('28', 'et', '146');
INSERT INTO `communities` (`id`, `name`, `admin_user_id`) VALUES ('29', 'dolores', '147');
INSERT INTO `communities` (`id`, `name`, `admin_user_id`) VALUES ('30', 'adipisci', '148');
INSERT INTO `communities` (`id`, `name`, `admin_user_id`) VALUES ('31', 'minima', '149');
INSERT INTO `communities` (`id`, `name`, `admin_user_id`) VALUES ('32', 'qui', '151');
INSERT INTO `communities` (`id`, `name`, `admin_user_id`) VALUES ('33', 'ut', '154');
INSERT INTO `communities` (`id`, `name`, `admin_user_id`) VALUES ('34', 'occaecati', '155');
INSERT INTO `communities` (`id`, `name`, `admin_user_id`) VALUES ('35', 'voluptate', '157');
INSERT INTO `communities` (`id`, `name`, `admin_user_id`) VALUES ('36', 'id', '158');
INSERT INTO `communities` (`id`, `name`, `admin_user_id`) VALUES ('37', 'ad', '159');
INSERT INTO `communities` (`id`, `name`, `admin_user_id`) VALUES ('38', 'eligendi', '161');
INSERT INTO `communities` (`id`, `name`, `admin_user_id`) VALUES ('39', 'cumque', '163');
INSERT INTO `communities` (`id`, `name`, `admin_user_id`) VALUES ('40', 'et', '164');
INSERT INTO `communities` (`id`, `name`, `admin_user_id`) VALUES ('41', 'enim', '165');
INSERT INTO `communities` (`id`, `name`, `admin_user_id`) VALUES ('42', 'qui', '166');
INSERT INTO `communities` (`id`, `name`, `admin_user_id`) VALUES ('43', 'in', '167');
INSERT INTO `communities` (`id`, `name`, `admin_user_id`) VALUES ('44', 'veniam', '170');
INSERT INTO `communities` (`id`, `name`, `admin_user_id`) VALUES ('45', 'minima', '171');
INSERT INTO `communities` (`id`, `name`, `admin_user_id`) VALUES ('46', 'voluptate', '172');
INSERT INTO `communities` (`id`, `name`, `admin_user_id`) VALUES ('47', 'et', '173');
INSERT INTO `communities` (`id`, `name`, `admin_user_id`) VALUES ('48', 'adipisci', '175');
INSERT INTO `communities` (`id`, `name`, `admin_user_id`) VALUES ('49', 'quibusdam', '176');
INSERT INTO `communities` (`id`, `name`, `admin_user_id`) VALUES ('50', 'odio', '180');
INSERT INTO `communities` (`id`, `name`, `admin_user_id`) VALUES ('51', 'consectetur', '182');
INSERT INTO `communities` (`id`, `name`, `admin_user_id`) VALUES ('52', 'sit', '183');
INSERT INTO `communities` (`id`, `name`, `admin_user_id`) VALUES ('53', 'et', '184');
INSERT INTO `communities` (`id`, `name`, `admin_user_id`) VALUES ('54', 'sunt', '185');
INSERT INTO `communities` (`id`, `name`, `admin_user_id`) VALUES ('55', 'nostrum', '192');
INSERT INTO `communities` (`id`, `name`, `admin_user_id`) VALUES ('56', 'sit', '193');
INSERT INTO `communities` (`id`, `name`, `admin_user_id`) VALUES ('57', 'quibusdam', '194');
INSERT INTO `communities` (`id`, `name`, `admin_user_id`) VALUES ('58', 'quas', '199');
INSERT INTO `communities` (`id`, `name`, `admin_user_id`) VALUES ('59', 'omnis', '200');
INSERT INTO `communities` (`id`, `name`, `admin_user_id`) VALUES ('60', 'atque', '101');
INSERT INTO `communities` (`id`, `name`, `admin_user_id`) VALUES ('61', 'assumenda', '102');
INSERT INTO `communities` (`id`, `name`, `admin_user_id`) VALUES ('62', 'et', '103');
INSERT INTO `communities` (`id`, `name`, `admin_user_id`) VALUES ('63', 'ipsum', '105');
INSERT INTO `communities` (`id`, `name`, `admin_user_id`) VALUES ('64', 'ullam', '106');
INSERT INTO `communities` (`id`, `name`, `admin_user_id`) VALUES ('65', 'sint', '109');
INSERT INTO `communities` (`id`, `name`, `admin_user_id`) VALUES ('66', 'fugit', '110');
INSERT INTO `communities` (`id`, `name`, `admin_user_id`) VALUES ('67', 'nulla', '112');
INSERT INTO `communities` (`id`, `name`, `admin_user_id`) VALUES ('68', 'rerum', '113');
INSERT INTO `communities` (`id`, `name`, `admin_user_id`) VALUES ('69', 'voluptates', '114');
INSERT INTO `communities` (`id`, `name`, `admin_user_id`) VALUES ('70', 'delectus', '118');
INSERT INTO `communities` (`id`, `name`, `admin_user_id`) VALUES ('71', 'quisquam', '120');
INSERT INTO `communities` (`id`, `name`, `admin_user_id`) VALUES ('72', 'consequatur', '121');
INSERT INTO `communities` (`id`, `name`, `admin_user_id`) VALUES ('73', 'qui', '123');
INSERT INTO `communities` (`id`, `name`, `admin_user_id`) VALUES ('74', 'quo', '125');
INSERT INTO `communities` (`id`, `name`, `admin_user_id`) VALUES ('75', 'odio', '126');
INSERT INTO `communities` (`id`, `name`, `admin_user_id`) VALUES ('76', 'accusantium', '127');
INSERT INTO `communities` (`id`, `name`, `admin_user_id`) VALUES ('77', 'occaecati', '128');
INSERT INTO `communities` (`id`, `name`, `admin_user_id`) VALUES ('78', 'consequatur', '131');
INSERT INTO `communities` (`id`, `name`, `admin_user_id`) VALUES ('79', 'minima', '132');
INSERT INTO `communities` (`id`, `name`, `admin_user_id`) VALUES ('80', 'vel', '133');
INSERT INTO `communities` (`id`, `name`, `admin_user_id`) VALUES ('81', 'repellat', '135');
INSERT INTO `communities` (`id`, `name`, `admin_user_id`) VALUES ('82', 'eos', '137');
INSERT INTO `communities` (`id`, `name`, `admin_user_id`) VALUES ('83', 'dolorem', '138');
INSERT INTO `communities` (`id`, `name`, `admin_user_id`) VALUES ('84', 'reiciendis', '139');
INSERT INTO `communities` (`id`, `name`, `admin_user_id`) VALUES ('85', 'nihil', '141');
INSERT INTO `communities` (`id`, `name`, `admin_user_id`) VALUES ('86', 'sed', '144');
INSERT INTO `communities` (`id`, `name`, `admin_user_id`) VALUES ('87', 'ex', '146');
INSERT INTO `communities` (`id`, `name`, `admin_user_id`) VALUES ('88', 'numquam', '147');
INSERT INTO `communities` (`id`, `name`, `admin_user_id`) VALUES ('89', 'omnis', '148');
INSERT INTO `communities` (`id`, `name`, `admin_user_id`) VALUES ('90', 'voluptatem', '149');
INSERT INTO `communities` (`id`, `name`, `admin_user_id`) VALUES ('91', 'ut', '151');
INSERT INTO `communities` (`id`, `name`, `admin_user_id`) VALUES ('92', 'quia', '154');
INSERT INTO `communities` (`id`, `name`, `admin_user_id`) VALUES ('93', 'ipsam', '155');
INSERT INTO `communities` (`id`, `name`, `admin_user_id`) VALUES ('94', 'ullam', '157');
INSERT INTO `communities` (`id`, `name`, `admin_user_id`) VALUES ('95', 'officia', '158');
INSERT INTO `communities` (`id`, `name`, `admin_user_id`) VALUES ('96', 'eligendi', '159');
INSERT INTO `communities` (`id`, `name`, `admin_user_id`) VALUES ('97', 'laborum', '161');
INSERT INTO `communities` (`id`, `name`, `admin_user_id`) VALUES ('98', 'tempora', '163');
INSERT INTO `communities` (`id`, `name`, `admin_user_id`) VALUES ('99', 'ratione', '164');
INSERT INTO `communities` (`id`, `name`, `admin_user_id`) VALUES ('100', 'numquam', '165');


#
# TABLE STRUCTURE FOR: friend_requests
#

DROP TABLE IF EXISTS `friend_requests`;

CREATE TABLE `friend_requests` (
  `initiator_user_id` bigint(20) unsigned NOT NULL,
  `target_user_id` bigint(20) unsigned NOT NULL,
  `status` enum('requested','approved','declined','unfriended') COLLATE utf8mb4_unicode_ci DEFAULT NULL,
  `requested_at` datetime DEFAULT current_timestamp(),
  `updated_at` datetime DEFAULT NULL ON UPDATE current_timestamp(),
  PRIMARY KEY (`initiator_user_id`,`target_user_id`),
  KEY `target_user_id` (`target_user_id`),
  CONSTRAINT `friend_requests_ibfk_1` FOREIGN KEY (`initiator_user_id`) REFERENCES `users` (`id`),
  CONSTRAINT `friend_requests_ibfk_2` FOREIGN KEY (`target_user_id`) REFERENCES `users` (`id`)
) ENGINE=InnoDB DEFAULT CHARSET=utf8mb4 COLLATE=utf8mb4_unicode_ci;

INSERT INTO `friend_requests` (`initiator_user_id`, `target_user_id`, `status`, `requested_at`, `updated_at`) VALUES ('101', '101', 'requested', '2005-04-21 12:51:05', '2001-08-06 03:41:59');
INSERT INTO `friend_requests` (`initiator_user_id`, `target_user_id`, `status`, `requested_at`, `updated_at`) VALUES ('102', '102', 'approved', '1975-05-12 03:01:44', '1992-12-20 04:35:25');
INSERT INTO `friend_requests` (`initiator_user_id`, `target_user_id`, `status`, `requested_at`, `updated_at`) VALUES ('103', '103', 'declined', '1978-02-18 19:54:54', '1972-07-28 04:41:37');
INSERT INTO `friend_requests` (`initiator_user_id`, `target_user_id`, `status`, `requested_at`, `updated_at`) VALUES ('105', '105', 'declined', '1985-06-13 22:31:09', '1973-05-17 12:52:12');
INSERT INTO `friend_requests` (`initiator_user_id`, `target_user_id`, `status`, `requested_at`, `updated_at`) VALUES ('106', '106', 'requested', '2006-05-26 15:13:05', '1975-10-09 18:38:45');
INSERT INTO `friend_requests` (`initiator_user_id`, `target_user_id`, `status`, `requested_at`, `updated_at`) VALUES ('109', '109', 'approved', '2011-09-21 23:32:53', '1993-02-14 05:13:52');
INSERT INTO `friend_requests` (`initiator_user_id`, `target_user_id`, `status`, `requested_at`, `updated_at`) VALUES ('110', '110', 'requested', '1981-01-01 08:43:17', '1974-02-27 14:34:11');
INSERT INTO `friend_requests` (`initiator_user_id`, `target_user_id`, `status`, `requested_at`, `updated_at`) VALUES ('112', '112', 'requested', '1970-01-29 06:09:48', '1979-01-13 08:49:43');
INSERT INTO `friend_requests` (`initiator_user_id`, `target_user_id`, `status`, `requested_at`, `updated_at`) VALUES ('113', '113', 'declined', '2010-05-08 20:48:42', '1978-02-09 21:46:20');
INSERT INTO `friend_requests` (`initiator_user_id`, `target_user_id`, `status`, `requested_at`, `updated_at`) VALUES ('114', '114', 'approved', '2012-10-04 14:34:31', '2016-07-11 16:21:48');
INSERT INTO `friend_requests` (`initiator_user_id`, `target_user_id`, `status`, `requested_at`, `updated_at`) VALUES ('118', '118', 'unfriended', '2000-03-13 05:46:44', '2014-03-09 16:09:22');
INSERT INTO `friend_requests` (`initiator_user_id`, `target_user_id`, `status`, `requested_at`, `updated_at`) VALUES ('120', '120', 'declined', '2009-03-01 19:08:38', '1991-06-02 13:13:23');
INSERT INTO `friend_requests` (`initiator_user_id`, `target_user_id`, `status`, `requested_at`, `updated_at`) VALUES ('121', '121', 'declined', '1974-02-13 03:31:39', '1994-06-19 13:39:48');
INSERT INTO `friend_requests` (`initiator_user_id`, `target_user_id`, `status`, `requested_at`, `updated_at`) VALUES ('123', '123', 'unfriended', '1973-01-14 02:07:43', '1997-08-08 02:45:03');
INSERT INTO `friend_requests` (`initiator_user_id`, `target_user_id`, `status`, `requested_at`, `updated_at`) VALUES ('125', '125', 'declined', '2006-11-18 11:16:05', '1978-08-10 06:04:57');
INSERT INTO `friend_requests` (`initiator_user_id`, `target_user_id`, `status`, `requested_at`, `updated_at`) VALUES ('126', '126', 'approved', '1970-02-01 12:24:34', '1998-05-16 11:16:39');
INSERT INTO `friend_requests` (`initiator_user_id`, `target_user_id`, `status`, `requested_at`, `updated_at`) VALUES ('127', '127', 'approved', '1980-09-03 04:22:27', '1978-12-18 22:37:49');
INSERT INTO `friend_requests` (`initiator_user_id`, `target_user_id`, `status`, `requested_at`, `updated_at`) VALUES ('128', '128', 'requested', '2005-08-08 13:58:46', '1980-09-06 21:01:19');
INSERT INTO `friend_requests` (`initiator_user_id`, `target_user_id`, `status`, `requested_at`, `updated_at`) VALUES ('131', '131', 'approved', '1978-02-23 01:13:10', '2019-05-04 00:54:55');
INSERT INTO `friend_requests` (`initiator_user_id`, `target_user_id`, `status`, `requested_at`, `updated_at`) VALUES ('132', '132', 'unfriended', '1979-03-04 15:46:30', '1970-03-21 21:40:19');
INSERT INTO `friend_requests` (`initiator_user_id`, `target_user_id`, `status`, `requested_at`, `updated_at`) VALUES ('133', '133', 'declined', '2020-05-16 23:19:18', '2017-05-18 22:08:16');
INSERT INTO `friend_requests` (`initiator_user_id`, `target_user_id`, `status`, `requested_at`, `updated_at`) VALUES ('135', '135', 'unfriended', '1984-08-19 14:05:13', '1989-10-08 08:21:13');
INSERT INTO `friend_requests` (`initiator_user_id`, `target_user_id`, `status`, `requested_at`, `updated_at`) VALUES ('137', '137', 'unfriended', '2010-09-21 02:39:30', '1991-11-07 20:32:41');
INSERT INTO `friend_requests` (`initiator_user_id`, `target_user_id`, `status`, `requested_at`, `updated_at`) VALUES ('138', '138', 'unfriended', '2014-11-17 10:05:23', '1981-02-27 05:19:08');
INSERT INTO `friend_requests` (`initiator_user_id`, `target_user_id`, `status`, `requested_at`, `updated_at`) VALUES ('139', '139', 'approved', '1984-05-15 16:15:03', '2017-12-08 12:48:46');
INSERT INTO `friend_requests` (`initiator_user_id`, `target_user_id`, `status`, `requested_at`, `updated_at`) VALUES ('141', '141', 'declined', '1975-02-03 21:47:56', '1992-08-31 11:36:06');
INSERT INTO `friend_requests` (`initiator_user_id`, `target_user_id`, `status`, `requested_at`, `updated_at`) VALUES ('144', '144', 'approved', '1986-06-12 04:12:47', '1975-07-30 16:07:56');
INSERT INTO `friend_requests` (`initiator_user_id`, `target_user_id`, `status`, `requested_at`, `updated_at`) VALUES ('146', '146', 'declined', '1995-09-28 17:58:24', '2011-12-10 15:50:10');
INSERT INTO `friend_requests` (`initiator_user_id`, `target_user_id`, `status`, `requested_at`, `updated_at`) VALUES ('147', '147', 'requested', '1970-04-20 21:24:19', '1983-03-28 07:49:11');
INSERT INTO `friend_requests` (`initiator_user_id`, `target_user_id`, `status`, `requested_at`, `updated_at`) VALUES ('148', '148', 'unfriended', '1994-02-08 23:37:54', '1995-06-21 19:02:13');
INSERT INTO `friend_requests` (`initiator_user_id`, `target_user_id`, `status`, `requested_at`, `updated_at`) VALUES ('149', '149', 'approved', '1999-09-02 17:53:09', '1979-12-23 23:00:25');
INSERT INTO `friend_requests` (`initiator_user_id`, `target_user_id`, `status`, `requested_at`, `updated_at`) VALUES ('151', '151', 'unfriended', '2003-09-19 09:55:03', '2008-08-29 01:27:17');
INSERT INTO `friend_requests` (`initiator_user_id`, `target_user_id`, `status`, `requested_at`, `updated_at`) VALUES ('154', '154', 'declined', '2000-03-20 23:30:14', '1971-10-25 17:00:31');
INSERT INTO `friend_requests` (`initiator_user_id`, `target_user_id`, `status`, `requested_at`, `updated_at`) VALUES ('155', '155', 'requested', '2010-05-02 16:25:45', '1999-10-01 01:57:55');
INSERT INTO `friend_requests` (`initiator_user_id`, `target_user_id`, `status`, `requested_at`, `updated_at`) VALUES ('157', '157', 'unfriended', '1985-09-09 14:45:26', '2006-04-30 17:14:14');
INSERT INTO `friend_requests` (`initiator_user_id`, `target_user_id`, `status`, `requested_at`, `updated_at`) VALUES ('158', '158', 'declined', '2006-09-05 13:44:32', '2000-02-05 16:35:14');
INSERT INTO `friend_requests` (`initiator_user_id`, `target_user_id`, `status`, `requested_at`, `updated_at`) VALUES ('159', '159', 'declined', '1971-10-12 08:25:49', '1972-05-18 22:45:17');
INSERT INTO `friend_requests` (`initiator_user_id`, `target_user_id`, `status`, `requested_at`, `updated_at`) VALUES ('161', '161', 'approved', '2010-11-27 22:09:10', '2009-10-13 11:08:01');
INSERT INTO `friend_requests` (`initiator_user_id`, `target_user_id`, `status`, `requested_at`, `updated_at`) VALUES ('163', '163', 'approved', '1990-10-06 23:14:09', '2000-08-02 02:46:42');
INSERT INTO `friend_requests` (`initiator_user_id`, `target_user_id`, `status`, `requested_at`, `updated_at`) VALUES ('164', '164', 'approved', '1972-05-11 18:43:45', '1984-04-17 17:01:41');
INSERT INTO `friend_requests` (`initiator_user_id`, `target_user_id`, `status`, `requested_at`, `updated_at`) VALUES ('165', '165', 'approved', '1989-08-20 00:37:19', '1988-04-15 00:19:42');
INSERT INTO `friend_requests` (`initiator_user_id`, `target_user_id`, `status`, `requested_at`, `updated_at`) VALUES ('166', '166', 'declined', '1975-06-18 09:42:07', '2002-07-17 07:40:52');
INSERT INTO `friend_requests` (`initiator_user_id`, `target_user_id`, `status`, `requested_at`, `updated_at`) VALUES ('167', '167', 'declined', '1980-12-13 21:42:03', '1974-06-25 05:34:56');
INSERT INTO `friend_requests` (`initiator_user_id`, `target_user_id`, `status`, `requested_at`, `updated_at`) VALUES ('170', '170', 'approved', '2017-07-01 17:12:37', '1997-12-20 08:52:16');
INSERT INTO `friend_requests` (`initiator_user_id`, `target_user_id`, `status`, `requested_at`, `updated_at`) VALUES ('171', '171', 'unfriended', '1999-05-09 08:48:59', '1971-09-23 20:20:13');
INSERT INTO `friend_requests` (`initiator_user_id`, `target_user_id`, `status`, `requested_at`, `updated_at`) VALUES ('172', '172', 'approved', '1973-05-09 06:25:45', '1971-06-18 23:35:42');
INSERT INTO `friend_requests` (`initiator_user_id`, `target_user_id`, `status`, `requested_at`, `updated_at`) VALUES ('173', '173', 'requested', '1974-11-12 22:45:20', '1981-06-22 18:43:38');
INSERT INTO `friend_requests` (`initiator_user_id`, `target_user_id`, `status`, `requested_at`, `updated_at`) VALUES ('175', '175', 'approved', '1991-09-17 05:43:08', '2018-07-30 16:51:45');
INSERT INTO `friend_requests` (`initiator_user_id`, `target_user_id`, `status`, `requested_at`, `updated_at`) VALUES ('176', '176', 'unfriended', '2014-01-10 10:21:53', '2006-09-14 01:48:09');
INSERT INTO `friend_requests` (`initiator_user_id`, `target_user_id`, `status`, `requested_at`, `updated_at`) VALUES ('180', '180', 'unfriended', '2013-02-21 16:57:35', '2012-01-27 21:26:44');
INSERT INTO `friend_requests` (`initiator_user_id`, `target_user_id`, `status`, `requested_at`, `updated_at`) VALUES ('182', '182', 'declined', '1984-04-27 13:39:48', '2008-11-26 13:24:37');
INSERT INTO `friend_requests` (`initiator_user_id`, `target_user_id`, `status`, `requested_at`, `updated_at`) VALUES ('183', '183', 'declined', '2018-07-23 13:48:00', '1984-06-23 11:50:52');
INSERT INTO `friend_requests` (`initiator_user_id`, `target_user_id`, `status`, `requested_at`, `updated_at`) VALUES ('184', '184', 'requested', '2015-04-07 03:42:19', '2004-05-29 19:12:39');
INSERT INTO `friend_requests` (`initiator_user_id`, `target_user_id`, `status`, `requested_at`, `updated_at`) VALUES ('185', '185', 'declined', '2021-06-16 16:37:19', '2020-10-12 07:58:31');
INSERT INTO `friend_requests` (`initiator_user_id`, `target_user_id`, `status`, `requested_at`, `updated_at`) VALUES ('192', '192', 'unfriended', '1986-05-18 08:55:40', '2021-01-05 01:22:45');
INSERT INTO `friend_requests` (`initiator_user_id`, `target_user_id`, `status`, `requested_at`, `updated_at`) VALUES ('193', '193', 'approved', '2006-04-06 15:10:19', '1984-08-17 18:37:57');
INSERT INTO `friend_requests` (`initiator_user_id`, `target_user_id`, `status`, `requested_at`, `updated_at`) VALUES ('194', '194', 'unfriended', '2008-09-25 01:42:28', '1993-08-10 01:25:39');
INSERT INTO `friend_requests` (`initiator_user_id`, `target_user_id`, `status`, `requested_at`, `updated_at`) VALUES ('199', '199', 'requested', '2019-12-15 03:14:38', '2011-05-09 16:10:17');
INSERT INTO `friend_requests` (`initiator_user_id`, `target_user_id`, `status`, `requested_at`, `updated_at`) VALUES ('200', '200', 'declined', '1971-09-01 15:50:29', '1993-08-27 11:54:50');


#
# TABLE STRUCTURE FOR: likes
#

DROP TABLE IF EXISTS `likes`;

CREATE TABLE `likes` (
  `id` bigint(20) unsigned NOT NULL AUTO_INCREMENT,
  `user_id` bigint(20) unsigned NOT NULL,
  `media_id` bigint(20) unsigned NOT NULL,
  `created_at` datetime DEFAULT current_timestamp(),
  UNIQUE KEY `id` (`id`)
) ENGINE=InnoDB AUTO_INCREMENT=101 DEFAULT CHARSET=utf8mb4 COLLATE=utf8mb4_unicode_ci;

INSERT INTO `likes` (`id`, `user_id`, `media_id`, `created_at`) VALUES ('1', '101', '1', '1977-06-19 06:21:36');
INSERT INTO `likes` (`id`, `user_id`, `media_id`, `created_at`) VALUES ('2', '102', '2', '1982-10-02 04:45:40');
INSERT INTO `likes` (`id`, `user_id`, `media_id`, `created_at`) VALUES ('3', '103', '3', '2008-10-11 09:14:28');
INSERT INTO `likes` (`id`, `user_id`, `media_id`, `created_at`) VALUES ('4', '105', '4', '1974-10-22 04:46:38');
INSERT INTO `likes` (`id`, `user_id`, `media_id`, `created_at`) VALUES ('5', '106', '5', '1981-02-03 20:09:39');
INSERT INTO `likes` (`id`, `user_id`, `media_id`, `created_at`) VALUES ('6', '109', '6', '1981-04-05 07:48:06');
INSERT INTO `likes` (`id`, `user_id`, `media_id`, `created_at`) VALUES ('7', '110', '7', '1975-09-16 08:36:10');
INSERT INTO `likes` (`id`, `user_id`, `media_id`, `created_at`) VALUES ('8', '112', '8', '1975-06-22 09:12:14');
INSERT INTO `likes` (`id`, `user_id`, `media_id`, `created_at`) VALUES ('9', '113', '9', '2004-09-11 18:06:11');
INSERT INTO `likes` (`id`, `user_id`, `media_id`, `created_at`) VALUES ('10', '114', '10', '1972-09-25 21:51:00');
INSERT INTO `likes` (`id`, `user_id`, `media_id`, `created_at`) VALUES ('11', '118', '11', '2021-09-01 14:28:31');
INSERT INTO `likes` (`id`, `user_id`, `media_id`, `created_at`) VALUES ('12', '120', '12', '2017-06-28 22:57:16');
INSERT INTO `likes` (`id`, `user_id`, `media_id`, `created_at`) VALUES ('13', '121', '13', '1991-09-17 15:26:14');
INSERT INTO `likes` (`id`, `user_id`, `media_id`, `created_at`) VALUES ('14', '123', '14', '2000-10-13 14:15:00');
INSERT INTO `likes` (`id`, `user_id`, `media_id`, `created_at`) VALUES ('15', '125', '15', '2005-08-19 14:00:39');
INSERT INTO `likes` (`id`, `user_id`, `media_id`, `created_at`) VALUES ('16', '126', '16', '2008-12-13 12:17:23');
INSERT INTO `likes` (`id`, `user_id`, `media_id`, `created_at`) VALUES ('17', '127', '17', '1978-07-11 00:27:19');
INSERT INTO `likes` (`id`, `user_id`, `media_id`, `created_at`) VALUES ('18', '128', '18', '1997-07-29 08:02:47');
INSERT INTO `likes` (`id`, `user_id`, `media_id`, `created_at`) VALUES ('19', '131', '19', '2009-06-20 13:33:17');
INSERT INTO `likes` (`id`, `user_id`, `media_id`, `created_at`) VALUES ('20', '132', '20', '1999-03-21 17:34:30');
INSERT INTO `likes` (`id`, `user_id`, `media_id`, `created_at`) VALUES ('21', '133', '21', '2014-09-13 03:36:32');
INSERT INTO `likes` (`id`, `user_id`, `media_id`, `created_at`) VALUES ('22', '135', '22', '1987-11-02 01:29:44');
INSERT INTO `likes` (`id`, `user_id`, `media_id`, `created_at`) VALUES ('23', '137', '23', '1979-10-29 07:16:06');
INSERT INTO `likes` (`id`, `user_id`, `media_id`, `created_at`) VALUES ('24', '138', '24', '1992-06-12 00:31:25');
INSERT INTO `likes` (`id`, `user_id`, `media_id`, `created_at`) VALUES ('25', '139', '25', '1997-06-15 05:56:27');
INSERT INTO `likes` (`id`, `user_id`, `media_id`, `created_at`) VALUES ('26', '141', '26', '1997-08-23 14:13:29');
INSERT INTO `likes` (`id`, `user_id`, `media_id`, `created_at`) VALUES ('27', '144', '27', '1976-11-17 06:34:10');
INSERT INTO `likes` (`id`, `user_id`, `media_id`, `created_at`) VALUES ('28', '146', '28', '1998-07-19 22:24:37');
INSERT INTO `likes` (`id`, `user_id`, `media_id`, `created_at`) VALUES ('29', '147', '29', '2013-09-27 13:41:15');
INSERT INTO `likes` (`id`, `user_id`, `media_id`, `created_at`) VALUES ('30', '148', '30', '1982-08-12 11:03:18');
INSERT INTO `likes` (`id`, `user_id`, `media_id`, `created_at`) VALUES ('31', '149', '31', '1984-06-19 04:53:21');
INSERT INTO `likes` (`id`, `user_id`, `media_id`, `created_at`) VALUES ('32', '151', '32', '1989-03-18 02:22:46');
INSERT INTO `likes` (`id`, `user_id`, `media_id`, `created_at`) VALUES ('33', '154', '33', '1993-07-30 21:58:32');
INSERT INTO `likes` (`id`, `user_id`, `media_id`, `created_at`) VALUES ('34', '155', '34', '2021-07-25 13:34:02');
INSERT INTO `likes` (`id`, `user_id`, `media_id`, `created_at`) VALUES ('35', '157', '35', '2014-09-15 00:02:59');
INSERT INTO `likes` (`id`, `user_id`, `media_id`, `created_at`) VALUES ('36', '158', '36', '1972-10-11 05:59:40');
INSERT INTO `likes` (`id`, `user_id`, `media_id`, `created_at`) VALUES ('37', '159', '37', '1978-01-20 13:02:43');
INSERT INTO `likes` (`id`, `user_id`, `media_id`, `created_at`) VALUES ('38', '161', '38', '2006-02-26 02:23:58');
INSERT INTO `likes` (`id`, `user_id`, `media_id`, `created_at`) VALUES ('39', '163', '39', '2013-10-05 20:30:46');
INSERT INTO `likes` (`id`, `user_id`, `media_id`, `created_at`) VALUES ('40', '164', '40', '2015-06-24 07:12:24');
INSERT INTO `likes` (`id`, `user_id`, `media_id`, `created_at`) VALUES ('41', '165', '41', '1984-10-25 17:41:07');
INSERT INTO `likes` (`id`, `user_id`, `media_id`, `created_at`) VALUES ('42', '166', '42', '2004-07-22 18:37:57');
INSERT INTO `likes` (`id`, `user_id`, `media_id`, `created_at`) VALUES ('43', '167', '43', '1977-07-03 08:43:43');
INSERT INTO `likes` (`id`, `user_id`, `media_id`, `created_at`) VALUES ('44', '170', '44', '2016-02-14 10:38:17');
INSERT INTO `likes` (`id`, `user_id`, `media_id`, `created_at`) VALUES ('45', '171', '45', '2017-03-28 14:46:52');
INSERT INTO `likes` (`id`, `user_id`, `media_id`, `created_at`) VALUES ('46', '172', '46', '1988-09-24 23:38:37');
INSERT INTO `likes` (`id`, `user_id`, `media_id`, `created_at`) VALUES ('47', '173', '47', '1990-01-08 10:38:40');
INSERT INTO `likes` (`id`, `user_id`, `media_id`, `created_at`) VALUES ('48', '175', '48', '2014-10-06 09:14:01');
INSERT INTO `likes` (`id`, `user_id`, `media_id`, `created_at`) VALUES ('49', '176', '49', '1985-01-11 17:17:49');
INSERT INTO `likes` (`id`, `user_id`, `media_id`, `created_at`) VALUES ('50', '180', '50', '1984-06-08 07:13:13');
INSERT INTO `likes` (`id`, `user_id`, `media_id`, `created_at`) VALUES ('51', '182', '51', '2016-03-06 02:24:57');
INSERT INTO `likes` (`id`, `user_id`, `media_id`, `created_at`) VALUES ('52', '183', '52', '1971-09-07 20:46:44');
INSERT INTO `likes` (`id`, `user_id`, `media_id`, `created_at`) VALUES ('53', '184', '53', '2013-01-22 13:57:42');
INSERT INTO `likes` (`id`, `user_id`, `media_id`, `created_at`) VALUES ('54', '185', '54', '1974-11-13 12:08:36');
INSERT INTO `likes` (`id`, `user_id`, `media_id`, `created_at`) VALUES ('55', '192', '55', '1986-01-05 20:39:54');
INSERT INTO `likes` (`id`, `user_id`, `media_id`, `created_at`) VALUES ('56', '193', '56', '2000-10-21 16:27:41');
INSERT INTO `likes` (`id`, `user_id`, `media_id`, `created_at`) VALUES ('57', '194', '57', '2005-07-20 15:31:54');
INSERT INTO `likes` (`id`, `user_id`, `media_id`, `created_at`) VALUES ('58', '199', '58', '1998-04-17 22:52:09');
INSERT INTO `likes` (`id`, `user_id`, `media_id`, `created_at`) VALUES ('59', '200', '59', '1990-05-13 22:07:22');
INSERT INTO `likes` (`id`, `user_id`, `media_id`, `created_at`) VALUES ('60', '101', '60', '1987-09-04 11:17:26');
INSERT INTO `likes` (`id`, `user_id`, `media_id`, `created_at`) VALUES ('61', '102', '61', '2001-02-24 00:53:15');
INSERT INTO `likes` (`id`, `user_id`, `media_id`, `created_at`) VALUES ('62', '103', '62', '1994-09-03 01:48:08');
INSERT INTO `likes` (`id`, `user_id`, `media_id`, `created_at`) VALUES ('63', '105', '63', '1984-03-27 15:35:12');
INSERT INTO `likes` (`id`, `user_id`, `media_id`, `created_at`) VALUES ('64', '106', '64', '1972-06-07 21:12:51');
INSERT INTO `likes` (`id`, `user_id`, `media_id`, `created_at`) VALUES ('65', '109', '65', '1977-06-13 18:42:32');
INSERT INTO `likes` (`id`, `user_id`, `media_id`, `created_at`) VALUES ('66', '110', '66', '1971-09-17 21:40:20');
INSERT INTO `likes` (`id`, `user_id`, `media_id`, `created_at`) VALUES ('67', '112', '67', '1973-05-08 23:11:56');
INSERT INTO `likes` (`id`, `user_id`, `media_id`, `created_at`) VALUES ('68', '113', '68', '2000-08-07 02:42:35');
INSERT INTO `likes` (`id`, `user_id`, `media_id`, `created_at`) VALUES ('69', '114', '69', '1980-05-23 12:57:40');
INSERT INTO `likes` (`id`, `user_id`, `media_id`, `created_at`) VALUES ('70', '118', '70', '1970-12-07 19:46:00');
INSERT INTO `likes` (`id`, `user_id`, `media_id`, `created_at`) VALUES ('71', '120', '71', '2015-06-14 18:01:56');
INSERT INTO `likes` (`id`, `user_id`, `media_id`, `created_at`) VALUES ('72', '121', '72', '1979-06-24 01:28:39');
INSERT INTO `likes` (`id`, `user_id`, `media_id`, `created_at`) VALUES ('73', '123', '73', '1985-05-06 06:40:29');
INSERT INTO `likes` (`id`, `user_id`, `media_id`, `created_at`) VALUES ('74', '125', '74', '2002-01-13 23:02:39');
INSERT INTO `likes` (`id`, `user_id`, `media_id`, `created_at`) VALUES ('75', '126', '75', '2000-04-13 22:32:52');
INSERT INTO `likes` (`id`, `user_id`, `media_id`, `created_at`) VALUES ('76', '127', '76', '2020-12-10 01:20:57');
INSERT INTO `likes` (`id`, `user_id`, `media_id`, `created_at`) VALUES ('77', '128', '77', '2019-06-01 00:28:55');
INSERT INTO `likes` (`id`, `user_id`, `media_id`, `created_at`) VALUES ('78', '131', '78', '2003-07-21 00:16:11');
INSERT INTO `likes` (`id`, `user_id`, `media_id`, `created_at`) VALUES ('79', '132', '79', '1978-11-09 18:26:39');
INSERT INTO `likes` (`id`, `user_id`, `media_id`, `created_at`) VALUES ('80', '133', '80', '1981-03-24 17:35:01');
INSERT INTO `likes` (`id`, `user_id`, `media_id`, `created_at`) VALUES ('81', '135', '81', '1987-12-31 10:39:10');
INSERT INTO `likes` (`id`, `user_id`, `media_id`, `created_at`) VALUES ('82', '137', '82', '1998-11-10 23:12:40');
INSERT INTO `likes` (`id`, `user_id`, `media_id`, `created_at`) VALUES ('83', '138', '83', '1983-01-08 10:54:54');
INSERT INTO `likes` (`id`, `user_id`, `media_id`, `created_at`) VALUES ('84', '139', '84', '1998-09-18 14:48:31');
INSERT INTO `likes` (`id`, `user_id`, `media_id`, `created_at`) VALUES ('85', '141', '85', '2010-04-29 21:26:22');
INSERT INTO `likes` (`id`, `user_id`, `media_id`, `created_at`) VALUES ('86', '144', '86', '2015-01-06 12:13:28');
INSERT INTO `likes` (`id`, `user_id`, `media_id`, `created_at`) VALUES ('87', '146', '87', '1986-09-29 23:34:28');
INSERT INTO `likes` (`id`, `user_id`, `media_id`, `created_at`) VALUES ('88', '147', '88', '1996-08-05 15:21:06');
INSERT INTO `likes` (`id`, `user_id`, `media_id`, `created_at`) VALUES ('89', '148', '89', '1989-09-05 20:49:39');
INSERT INTO `likes` (`id`, `user_id`, `media_id`, `created_at`) VALUES ('90', '149', '90', '1983-11-01 20:21:42');
INSERT INTO `likes` (`id`, `user_id`, `media_id`, `created_at`) VALUES ('91', '151', '91', '1990-08-20 11:17:11');
INSERT INTO `likes` (`id`, `user_id`, `media_id`, `created_at`) VALUES ('92', '154', '92', '1970-05-27 10:15:31');
INSERT INTO `likes` (`id`, `user_id`, `media_id`, `created_at`) VALUES ('93', '155', '93', '2013-03-03 01:42:30');
INSERT INTO `likes` (`id`, `user_id`, `media_id`, `created_at`) VALUES ('94', '157', '94', '2006-01-05 11:22:04');
INSERT INTO `likes` (`id`, `user_id`, `media_id`, `created_at`) VALUES ('95', '158', '95', '2021-01-19 02:00:18');
INSERT INTO `likes` (`id`, `user_id`, `media_id`, `created_at`) VALUES ('96', '159', '96', '1971-07-04 11:33:00');
INSERT INTO `likes` (`id`, `user_id`, `media_id`, `created_at`) VALUES ('97', '161', '97', '1994-08-13 21:04:53');
INSERT INTO `likes` (`id`, `user_id`, `media_id`, `created_at`) VALUES ('98', '163', '98', '2004-06-06 14:22:52');
INSERT INTO `likes` (`id`, `user_id`, `media_id`, `created_at`) VALUES ('99', '164', '99', '1996-05-04 12:53:21');
INSERT INTO `likes` (`id`, `user_id`, `media_id`, `created_at`) VALUES ('100', '165', '100', '2004-02-04 09:12:31');


#
# TABLE STRUCTURE FOR: media
#

DROP TABLE IF EXISTS `media`;

CREATE TABLE `media` (
  `id` bigint(20) unsigned NOT NULL AUTO_INCREMENT,
  `media_type_id` bigint(20) unsigned NOT NULL,
  `user_id` bigint(20) unsigned NOT NULL,
  `body` text COLLATE utf8mb4_unicode_ci DEFAULT NULL,
  `filename` varchar(255) COLLATE utf8mb4_unicode_ci DEFAULT NULL,
  `size` int(11) DEFAULT NULL,
  `metadata` longtext CHARACTER SET utf8mb4 COLLATE utf8mb4_bin DEFAULT NULL CHECK (json_valid(`metadata`)),
  `created_at` datetime DEFAULT current_timestamp(),
  `updated_at` datetime DEFAULT NULL ON UPDATE current_timestamp(),
  UNIQUE KEY `id` (`id`),
  KEY `user_id` (`user_id`),
  KEY `media_type_id` (`media_type_id`),
  CONSTRAINT `media_ibfk_1` FOREIGN KEY (`user_id`) REFERENCES `users` (`id`),
  CONSTRAINT `media_ibfk_2` FOREIGN KEY (`media_type_id`) REFERENCES `media_types` (`id`)
) ENGINE=InnoDB AUTO_INCREMENT=101 DEFAULT CHARSET=utf8mb4 COLLATE=utf8mb4_unicode_ci;

INSERT INTO `media` (`id`, `media_type_id`, `user_id`, `body`, `filename`, `size`, `metadata`, `created_at`, `updated_at`) VALUES ('1', '1', '101', 'Vel itaque omnis explicabo. Voluptatem qui adipisci explicabo aut omnis ut. Consequatur temporibus cumque necessitatibus vitae vitae.', 'architecto', 0, NULL, '2006-06-19 15:19:16', '1980-06-21 10:25:39');
INSERT INTO `media` (`id`, `media_type_id`, `user_id`, `body`, `filename`, `size`, `metadata`, `created_at`, `updated_at`) VALUES ('2', '2', '102', 'Non voluptatem iste asperiores sed distinctio. Voluptatem eveniet cumque qui est quasi corporis reprehenderit. Repellat recusandae ea sint illum et veritatis sit.', 'esse', 228216816, NULL, '1984-10-05 17:22:30', '1983-02-12 02:28:47');
INSERT INTO `media` (`id`, `media_type_id`, `user_id`, `body`, `filename`, `size`, `metadata`, `created_at`, `updated_at`) VALUES ('3', '3', '103', 'Cum officia sit ea libero ducimus aut. Id qui fugiat consequatur voluptatem facilis asperiores. Consequatur in illo repudiandae consectetur. Molestiae repudiandae laboriosam eum.', 'magni', 6051037, NULL, '1974-02-08 04:31:42', '2011-03-22 20:26:57');
INSERT INTO `media` (`id`, `media_type_id`, `user_id`, `body`, `filename`, `size`, `metadata`, `created_at`, `updated_at`) VALUES ('4', '4', '105', 'Qui sunt dolorem et consequatur nam. Facere aut atque autem similique. Pariatur est dolores iusto neque quibusdam commodi pariatur. Et voluptatem est eaque est maiores quibusdam itaque.', 'sunt', 746, NULL, '1974-03-18 01:03:59', '2020-08-15 21:32:40');
INSERT INTO `media` (`id`, `media_type_id`, `user_id`, `body`, `filename`, `size`, `metadata`, `created_at`, `updated_at`) VALUES ('5', '5', '106', 'Ratione et harum nam explicabo dolor. Sunt et laudantium dolore voluptas voluptatum sapiente quod. Error labore minus sit omnis perspiciatis est rerum. Ratione quia doloribus aut.', 'ipsa', 260, NULL, '1984-12-21 15:54:21', '2019-04-27 13:52:33');
INSERT INTO `media` (`id`, `media_type_id`, `user_id`, `body`, `filename`, `size`, `metadata`, `created_at`, `updated_at`) VALUES ('6', '6', '109', 'Recusandae rerum quaerat tempore molestiae est dolor quia. Beatae voluptatem facere assumenda consequatur molestias. Expedita autem eos odit facere.', 'voluptatem', 4664502, NULL, '1988-12-28 11:00:53', '1988-11-07 16:07:43');
INSERT INTO `media` (`id`, `media_type_id`, `user_id`, `body`, `filename`, `size`, `metadata`, `created_at`, `updated_at`) VALUES ('7', '7', '110', 'Consequuntur voluptate aut est quia ut maxime vitae. Rerum similique eaque velit quod aliquid. Velit fugit maiores corrupti.', 'voluptate', 7116673, NULL, '1989-09-01 14:45:08', '2006-09-28 00:37:47');
INSERT INTO `media` (`id`, `media_type_id`, `user_id`, `body`, `filename`, `size`, `metadata`, `created_at`, `updated_at`) VALUES ('8', '8', '112', 'Nihil aliquam aut fugiat qui doloribus et. Facilis accusamus corrupti sit sed. Ducimus a velit similique dolores nobis rerum explicabo maiores. Vel rerum impedit sed non qui. Accusamus illum nisi quos sit ut possimus aut.', 'deserunt', 289274344, NULL, '2008-01-31 14:38:53', '2000-03-13 10:54:23');
INSERT INTO `media` (`id`, `media_type_id`, `user_id`, `body`, `filename`, `size`, `metadata`, `created_at`, `updated_at`) VALUES ('9', '9', '113', 'Debitis facere quaerat minus nihil illum qui. At rerum aut nobis ut veniam sapiente. Voluptatem rerum voluptatem vero et iste quos quibusdam. Nihil et soluta repellendus deserunt expedita itaque. Laborum consequatur numquam vel voluptas illo.', 'dolorum', 5712642, NULL, '2000-12-15 20:32:55', '1981-11-17 10:33:57');
INSERT INTO `media` (`id`, `media_type_id`, `user_id`, `body`, `filename`, `size`, `metadata`, `created_at`, `updated_at`) VALUES ('10', '10', '114', 'Ut est quisquam quaerat vel ut non rerum non. Ut rem dolorem dignissimos nulla. Et consequatur consequuntur molestias quia assumenda quibusdam quo. Et atque esse ut quas aut. Odit ipsam labore beatae odit quas est dolor.', 'enim', 0, NULL, '2013-10-12 13:52:50', '1970-10-29 14:55:54');
INSERT INTO `media` (`id`, `media_type_id`, `user_id`, `body`, `filename`, `size`, `metadata`, `created_at`, `updated_at`) VALUES ('11', '11', '118', 'Est quia quo ut enim temporibus aut nemo. Facilis eos quaerat cum soluta sequi omnis animi. Laudantium mollitia cumque praesentium sit velit.', 'illo', 300739, NULL, '2013-08-10 07:55:25', '2007-02-19 17:22:52');
INSERT INTO `media` (`id`, `media_type_id`, `user_id`, `body`, `filename`, `size`, `metadata`, `created_at`, `updated_at`) VALUES ('12', '12', '120', 'Omnis veritatis iste et quasi nam ex possimus. Aliquam aut iure impedit deserunt. Perspiciatis amet omnis id aut. Molestiae sequi iusto odio ex modi tempore.', 'id', 5829142, NULL, '1999-08-26 09:05:07', '1998-07-27 21:22:09');
INSERT INTO `media` (`id`, `media_type_id`, `user_id`, `body`, `filename`, `size`, `metadata`, `created_at`, `updated_at`) VALUES ('13', '13', '121', 'Dolor et aperiam et recusandae omnis odit explicabo. Animi consectetur consequatur esse dignissimos. Sapiente perferendis asperiores eligendi omnis ullam voluptatem et. Blanditiis numquam inventore voluptatem aut quam.', 'iste', 0, NULL, '1991-08-31 03:03:20', '2013-05-25 12:02:35');
INSERT INTO `media` (`id`, `media_type_id`, `user_id`, `body`, `filename`, `size`, `metadata`, `created_at`, `updated_at`) VALUES ('14', '14', '123', 'Eum quas consequatur voluptatem tenetur incidunt ab eveniet est. Odio magnam molestias sed natus qui corporis cumque. Distinctio quis cupiditate expedita voluptatem quisquam soluta.', 'quia', 7574956, NULL, '1996-05-15 03:41:41', '2018-09-02 23:30:46');
INSERT INTO `media` (`id`, `media_type_id`, `user_id`, `body`, `filename`, `size`, `metadata`, `created_at`, `updated_at`) VALUES ('15', '15', '125', 'Corporis fuga dolor quo iusto dolor tenetur non. Aut vitae quidem eius omnis nisi quas itaque. Error saepe consectetur molestiae beatae reprehenderit quo dolorum ea. Voluptates et impedit eos nostrum commodi ut.', 'qui', 35269, NULL, '1972-12-12 19:09:59', '2018-07-19 20:55:13');
INSERT INTO `media` (`id`, `media_type_id`, `user_id`, `body`, `filename`, `size`, `metadata`, `created_at`, `updated_at`) VALUES ('16', '16', '126', 'Velit voluptate voluptatum culpa et id eos consequatur. Asperiores in sed non doloribus architecto perferendis minus.', 'officiis', 5, NULL, '1984-08-30 20:09:17', '1983-01-14 01:44:35');
INSERT INTO `media` (`id`, `media_type_id`, `user_id`, `body`, `filename`, `size`, `metadata`, `created_at`, `updated_at`) VALUES ('17', '17', '127', 'Molestiae omnis itaque doloremque eligendi. Ipsa et deserunt fugit eos harum dolorem ipsam. Eum nostrum provident deleniti nihil reiciendis dicta ea.', 'non', 4118, NULL, '2001-06-24 11:52:05', '1979-09-27 03:23:45');
INSERT INTO `media` (`id`, `media_type_id`, `user_id`, `body`, `filename`, `size`, `metadata`, `created_at`, `updated_at`) VALUES ('18', '18', '128', 'Quasi sit suscipit doloremque dolor quod. Distinctio officia est aut nostrum. Est in cum nisi blanditiis fugiat eveniet ut reprehenderit. Aut modi est ullam quia.', 'sint', 72993, NULL, '1970-10-20 07:14:51', '2021-05-27 22:07:45');
INSERT INTO `media` (`id`, `media_type_id`, `user_id`, `body`, `filename`, `size`, `metadata`, `created_at`, `updated_at`) VALUES ('19', '19', '131', 'Nulla eius rem sit harum. Eveniet accusamus accusamus earum officia dolores. Reprehenderit autem reiciendis neque odio.', 'qui', 21, NULL, '2002-07-24 00:26:36', '1976-12-02 17:59:06');
INSERT INTO `media` (`id`, `media_type_id`, `user_id`, `body`, `filename`, `size`, `metadata`, `created_at`, `updated_at`) VALUES ('20', '20', '132', 'Laboriosam officiis sed laudantium aut in et dolores. Natus nesciunt ad aspernatur.', 'molestiae', 61, NULL, '1974-03-12 05:21:26', '1979-08-15 11:21:43');
INSERT INTO `media` (`id`, `media_type_id`, `user_id`, `body`, `filename`, `size`, `metadata`, `created_at`, `updated_at`) VALUES ('21', '21', '133', 'Similique omnis mollitia a consequatur voluptates nihil doloremque. Aliquam commodi aut nulla aut molestias quas. Omnis voluptatem voluptatem praesentium corrupti voluptatem ipsum voluptatum.', 'molestias', 626625, NULL, '1985-01-13 20:01:18', '1990-12-07 12:39:09');
INSERT INTO `media` (`id`, `media_type_id`, `user_id`, `body`, `filename`, `size`, `metadata`, `created_at`, `updated_at`) VALUES ('22', '22', '135', 'Iste voluptatem quas eaque non. Corrupti blanditiis cum est cum in saepe qui. Repudiandae officia natus veritatis est odit. Possimus corporis quidem et possimus excepturi voluptates mollitia.', 'deserunt', 1954685, NULL, '1994-05-07 06:08:03', '2014-03-12 07:13:59');
INSERT INTO `media` (`id`, `media_type_id`, `user_id`, `body`, `filename`, `size`, `metadata`, `created_at`, `updated_at`) VALUES ('23', '23', '137', 'Dolores eaque optio voluptatibus ut. Cupiditate ducimus sit sunt impedit ut fugiat laborum. Iure quia iure suscipit molestiae laboriosam eaque dolores ullam.', 'consequuntur', 693467, NULL, '2016-12-20 02:23:25', '1986-03-02 03:49:14');
INSERT INTO `media` (`id`, `media_type_id`, `user_id`, `body`, `filename`, `size`, `metadata`, `created_at`, `updated_at`) VALUES ('24', '24', '138', 'Enim dolor est molestias. Qui aperiam qui voluptas non. Dolores sit omnis enim excepturi eveniet beatae tempore.', 'quo', 378, NULL, '1982-02-14 15:30:44', '1973-07-27 14:43:28');
INSERT INTO `media` (`id`, `media_type_id`, `user_id`, `body`, `filename`, `size`, `metadata`, `created_at`, `updated_at`) VALUES ('25', '25', '139', 'Est eveniet molestiae mollitia qui asperiores optio. Ut voluptatem omnis error et optio. Quaerat atque nulla quo est dolores. Asperiores assumenda qui eum doloremque.', 'laborum', 980, NULL, '2012-03-05 21:02:02', '1980-08-30 22:16:29');
INSERT INTO `media` (`id`, `media_type_id`, `user_id`, `body`, `filename`, `size`, `metadata`, `created_at`, `updated_at`) VALUES ('26', '26', '141', 'Ea qui iusto amet debitis iusto voluptatem quasi. Laborum officia rerum suscipit. Dicta mollitia ratione nemo necessitatibus possimus. Sit aspernatur reprehenderit optio eligendi facere suscipit.', 'autem', 36273, NULL, '1988-06-09 00:47:37', '1997-09-16 21:25:13');
INSERT INTO `media` (`id`, `media_type_id`, `user_id`, `body`, `filename`, `size`, `metadata`, `created_at`, `updated_at`) VALUES ('27', '27', '144', 'Nostrum eligendi dolor magni placeat consequatur voluptatibus autem. Amet et similique saepe explicabo. Dolorem quae blanditiis ipsa perspiciatis.', 'voluptates', 0, NULL, '1986-02-05 21:37:30', '2000-07-21 15:49:58');
INSERT INTO `media` (`id`, `media_type_id`, `user_id`, `body`, `filename`, `size`, `metadata`, `created_at`, `updated_at`) VALUES ('28', '28', '146', 'Molestiae eum eveniet ipsa at molestiae. Architecto necessitatibus doloribus consequuntur quis harum veritatis. Sapiente voluptates ducimus qui dolore delectus quod. Illo nam architecto est accusantium magnam.', 'officia', 7212, NULL, '1972-01-02 10:36:40', '2019-08-10 04:26:51');
INSERT INTO `media` (`id`, `media_type_id`, `user_id`, `body`, `filename`, `size`, `metadata`, `created_at`, `updated_at`) VALUES ('29', '29', '147', 'Itaque saepe exercitationem provident omnis eum magnam. Aliquam vitae voluptatem qui repellat tenetur nulla eligendi. Vero fuga voluptatem non molestiae magni dicta. Veritatis reiciendis sit eum sint. Quidem cum voluptas sunt natus exercitationem temporibus.', 'mollitia', 4525595, NULL, '1994-12-11 15:54:43', '1978-03-01 15:59:08');
INSERT INTO `media` (`id`, `media_type_id`, `user_id`, `body`, `filename`, `size`, `metadata`, `created_at`, `updated_at`) VALUES ('30', '30', '148', 'Non ab dolore iste nobis rerum. Omnis debitis est minima est vero fuga. Aut porro consequatur adipisci neque dolores ducimus inventore.', 'unde', 193940, NULL, '1991-06-26 08:13:24', '2007-03-25 07:05:40');
INSERT INTO `media` (`id`, `media_type_id`, `user_id`, `body`, `filename`, `size`, `metadata`, `created_at`, `updated_at`) VALUES ('31', '31', '149', 'Fugiat et qui tempora est quo recusandae qui. Occaecati quidem voluptatem optio eaque culpa. Occaecati nobis qui ipsam. Ipsum et et nihil consequuntur vero ratione.', 'nihil', 36, NULL, '1972-03-13 09:54:43', '1986-09-13 09:09:13');
INSERT INTO `media` (`id`, `media_type_id`, `user_id`, `body`, `filename`, `size`, `metadata`, `created_at`, `updated_at`) VALUES ('32', '32', '151', 'Est est autem ut velit fugiat doloremque. Dolorum maiores odio labore non autem atque enim. Id soluta velit neque nisi corporis quibusdam ut. Nam ipsa quis voluptatibus odit dolores vel veniam maxime.', 'ipsam', 367571, NULL, '1995-11-25 13:12:36', '2000-05-25 23:58:58');
INSERT INTO `media` (`id`, `media_type_id`, `user_id`, `body`, `filename`, `size`, `metadata`, `created_at`, `updated_at`) VALUES ('33', '33', '154', 'Rerum quo sit iste sunt. Sed non sequi maiores ut aut. Iusto veritatis vitae quibusdam ab quis nihil ipsam. Nihil vel sequi officiis minima omnis.', 'laborum', 0, NULL, '1996-01-20 22:52:35', '2004-03-13 10:26:13');
INSERT INTO `media` (`id`, `media_type_id`, `user_id`, `body`, `filename`, `size`, `metadata`, `created_at`, `updated_at`) VALUES ('34', '34', '155', 'Dolor aspernatur non dicta aspernatur ipsam. Distinctio aspernatur ut ex deleniti rerum aliquid blanditiis. Veritatis recusandae debitis velit iusto omnis optio. Magni ut architecto voluptatibus provident eius est illum.', 'quo', 181613, NULL, '2012-06-20 15:35:15', '2021-09-16 11:34:07');
INSERT INTO `media` (`id`, `media_type_id`, `user_id`, `body`, `filename`, `size`, `metadata`, `created_at`, `updated_at`) VALUES ('35', '35', '157', 'Totam velit aliquid et nemo. Et vel natus cum ipsa numquam iste suscipit. Ut id minus voluptatem quo.', 'possimus', 22334, NULL, '2012-02-21 20:18:05', '2021-04-02 18:43:04');
INSERT INTO `media` (`id`, `media_type_id`, `user_id`, `body`, `filename`, `size`, `metadata`, `created_at`, `updated_at`) VALUES ('36', '36', '158', 'Quia enim illum voluptatem aliquid ratione doloremque. Ullam accusamus pariatur ea nisi est. Quia consequatur rem repellat quae et quia at explicabo. Et ut corrupti hic.', 'consequatur', 5, NULL, '1998-01-21 11:40:39', '1989-09-04 05:13:00');
INSERT INTO `media` (`id`, `media_type_id`, `user_id`, `body`, `filename`, `size`, `metadata`, `created_at`, `updated_at`) VALUES ('37', '37', '159', 'Vitae et at quia ipsum dolores perspiciatis veniam. Omnis blanditiis rerum accusamus sunt adipisci laborum. Praesentium qui distinctio sit. Aut velit animi rem consequatur eos laudantium.', 'iste', 37487, NULL, '2007-08-19 04:00:29', '2020-05-30 18:43:24');
INSERT INTO `media` (`id`, `media_type_id`, `user_id`, `body`, `filename`, `size`, `metadata`, `created_at`, `updated_at`) VALUES ('38', '38', '161', 'Porro ratione optio magnam quis recusandae sit necessitatibus. Eos et laborum similique eum dicta sit harum quo.', 'qui', 74373177, NULL, '2010-06-09 18:00:10', '1989-12-26 04:54:09');
INSERT INTO `media` (`id`, `media_type_id`, `user_id`, `body`, `filename`, `size`, `metadata`, `created_at`, `updated_at`) VALUES ('39', '39', '163', 'Et fugit accusantium eum accusamus. Nulla nihil voluptatem sapiente culpa aliquid praesentium. Quod et voluptas fuga voluptatem tempore illum dolores. Est in temporibus quisquam in ipsa.', 'commodi', 74134, NULL, '1975-04-05 17:34:13', '1978-02-14 01:30:30');
INSERT INTO `media` (`id`, `media_type_id`, `user_id`, `body`, `filename`, `size`, `metadata`, `created_at`, `updated_at`) VALUES ('40', '40', '164', 'Non harum fugit quibusdam aut dolores officiis eum. Eaque et rerum repudiandae magnam iste consequatur autem. Velit eum voluptatem corrupti et. Odit sunt vel labore eos deserunt blanditiis ducimus. Voluptatibus est consequatur non quis deleniti accusamus.', 'ex', 79623, NULL, '1977-12-27 08:41:02', '1976-05-28 02:45:55');
INSERT INTO `media` (`id`, `media_type_id`, `user_id`, `body`, `filename`, `size`, `metadata`, `created_at`, `updated_at`) VALUES ('41', '41', '165', 'Est repudiandae consectetur assumenda et. Ratione molestiae et molestiae quibusdam id. Eaque sit cum rerum animi autem.', 'quia', 0, NULL, '2022-01-21 13:53:38', '1994-03-22 08:43:35');
INSERT INTO `media` (`id`, `media_type_id`, `user_id`, `body`, `filename`, `size`, `metadata`, `created_at`, `updated_at`) VALUES ('42', '42', '166', 'Quos sit veniam nisi rerum eveniet quas at. Voluptates ea sed quos quo sit ea quod. In voluptas laborum soluta ut ullam atque.', 'voluptas', 950679, NULL, '1988-01-25 19:50:28', '1971-02-19 10:37:36');
INSERT INTO `media` (`id`, `media_type_id`, `user_id`, `body`, `filename`, `size`, `metadata`, `created_at`, `updated_at`) VALUES ('43', '43', '167', 'Quibusdam aut aut voluptates fugit. Cum ea dignissimos dicta consectetur magni beatae est cumque. Tempore sunt error nam vel et nihil. Sint excepturi illo ab rem autem pariatur maiores voluptatem.', 'aut', 984877, NULL, '2017-11-03 17:00:57', '1978-12-11 05:56:35');
INSERT INTO `media` (`id`, `media_type_id`, `user_id`, `body`, `filename`, `size`, `metadata`, `created_at`, `updated_at`) VALUES ('44', '44', '170', 'Quos qui ea incidunt occaecati officiis enim qui voluptatum. Earum architecto molestiae suscipit voluptatum ratione. Cumque accusamus excepturi repellendus dolore et amet. Hic cupiditate ut et in et et.', 'ducimus', 436, NULL, '1973-07-29 13:43:32', '1972-06-20 20:17:38');
INSERT INTO `media` (`id`, `media_type_id`, `user_id`, `body`, `filename`, `size`, `metadata`, `created_at`, `updated_at`) VALUES ('45', '45', '171', 'Et cumque eveniet eos et non. Ipsa veniam mollitia architecto. Accusantium ipsam voluptatem qui voluptate. Laudantium sapiente quasi ad illo.', 'repellat', 88404, NULL, '2006-09-14 20:37:18', '1993-04-08 00:10:32');
INSERT INTO `media` (`id`, `media_type_id`, `user_id`, `body`, `filename`, `size`, `metadata`, `created_at`, `updated_at`) VALUES ('46', '46', '172', 'Quo commodi consequatur nam maxime aut. Repudiandae mollitia molestiae impedit exercitationem esse minus qui. Autem qui suscipit sequi.', 'delectus', 28304365, NULL, '2017-11-28 17:39:44', '1970-07-12 06:56:20');
INSERT INTO `media` (`id`, `media_type_id`, `user_id`, `body`, `filename`, `size`, `metadata`, `created_at`, `updated_at`) VALUES ('47', '47', '173', 'Quidem illum aut odio ex ut perspiciatis. Sunt unde aliquid nostrum fugit quia sunt. Perferendis perspiciatis molestias deserunt sed rerum non. Non quis necessitatibus facere laborum.', 'consequatur', 93, NULL, '2011-07-08 00:34:52', '2015-03-02 21:05:16');
INSERT INTO `media` (`id`, `media_type_id`, `user_id`, `body`, `filename`, `size`, `metadata`, `created_at`, `updated_at`) VALUES ('48', '48', '175', 'In laborum error quos fugiat sit. Explicabo necessitatibus tenetur qui cupiditate sunt sed. Voluptatibus commodi odit eligendi ut quia. Non inventore voluptatem rem amet voluptatem distinctio dignissimos voluptates.', 'voluptatibus', 55696, NULL, '1985-04-27 01:59:27', '1973-07-22 22:22:41');
INSERT INTO `media` (`id`, `media_type_id`, `user_id`, `body`, `filename`, `size`, `metadata`, `created_at`, `updated_at`) VALUES ('49', '49', '176', 'Sunt voluptatem et ut et aut ut non quibusdam. Corporis unde excepturi et. Inventore aliquid expedita illo placeat. Harum adipisci sequi deleniti odit dolorem dignissimos vero aperiam.', 'ea', 171101615, NULL, '2008-12-30 22:22:52', '1976-04-12 19:36:22');
INSERT INTO `media` (`id`, `media_type_id`, `user_id`, `body`, `filename`, `size`, `metadata`, `created_at`, `updated_at`) VALUES ('50', '50', '180', 'Repellendus reiciendis perspiciatis ut ullam deleniti fuga quos. Quod et soluta repudiandae rerum. Natus velit mollitia eveniet officia. Rerum nisi nam voluptatem corporis eum laborum.', 'et', 441, NULL, '2021-06-30 01:19:02', '2008-11-09 21:46:21');
INSERT INTO `media` (`id`, `media_type_id`, `user_id`, `body`, `filename`, `size`, `metadata`, `created_at`, `updated_at`) VALUES ('51', '51', '182', 'Sequi nulla veniam atque voluptatem. Reprehenderit id natus amet a sequi est id.', 'est', 18154420, NULL, '1977-01-22 05:19:12', '1976-01-16 09:18:11');
INSERT INTO `media` (`id`, `media_type_id`, `user_id`, `body`, `filename`, `size`, `metadata`, `created_at`, `updated_at`) VALUES ('52', '52', '183', 'Est dolore dolorem similique voluptatem cumque nisi reiciendis eum. Natus animi architecto sit unde.', 'eos', 534127, NULL, '1981-10-02 07:34:57', '2014-09-29 13:08:52');
INSERT INTO `media` (`id`, `media_type_id`, `user_id`, `body`, `filename`, `size`, `metadata`, `created_at`, `updated_at`) VALUES ('53', '53', '184', 'Aut est fuga sit harum ratione. Rerum voluptate ut laboriosam. Sed iure maxime tempora sed.', 'porro', 1109712, NULL, '1990-01-29 05:44:16', '2016-12-23 19:29:22');
INSERT INTO `media` (`id`, `media_type_id`, `user_id`, `body`, `filename`, `size`, `metadata`, `created_at`, `updated_at`) VALUES ('54', '54', '185', 'Quis dolorum velit impedit qui nisi delectus. Numquam quis sapiente rerum nam. Perspiciatis tempora quis alias vero dolor quasi saepe.', 'ullam', 0, NULL, '2000-10-15 06:08:13', '2016-11-13 07:03:54');
INSERT INTO `media` (`id`, `media_type_id`, `user_id`, `body`, `filename`, `size`, `metadata`, `created_at`, `updated_at`) VALUES ('55', '55', '192', 'Ab provident doloremque ad quia corporis aperiam sequi. Est et dolores consequatur dolorum labore repudiandae nulla. Atque tenetur fugit dolorem est. Nihil quis voluptatem autem perspiciatis qui. Eum et perferendis cumque eum consequatur quis qui sit.', 'ullam', 6, NULL, '1973-10-01 16:04:39', '2022-02-08 12:30:41');
INSERT INTO `media` (`id`, `media_type_id`, `user_id`, `body`, `filename`, `size`, `metadata`, `created_at`, `updated_at`) VALUES ('56', '56', '193', 'Enim ea odio quia voluptatem ea et. A voluptas quam culpa aut quod delectus. At voluptatem sed dolorum vitae dolore corrupti.', 'libero', 481342896, NULL, '2004-11-26 01:25:57', '1972-12-06 10:14:10');
INSERT INTO `media` (`id`, `media_type_id`, `user_id`, `body`, `filename`, `size`, `metadata`, `created_at`, `updated_at`) VALUES ('57', '57', '194', 'Vel quis et aspernatur voluptatem consectetur necessitatibus. Sint fugiat ut maxime doloremque nemo explicabo illo. Nesciunt veritatis excepturi cumque.', 'adipisci', 216476092, NULL, '2019-08-27 13:02:16', '1975-06-29 05:08:27');
INSERT INTO `media` (`id`, `media_type_id`, `user_id`, `body`, `filename`, `size`, `metadata`, `created_at`, `updated_at`) VALUES ('58', '58', '199', 'Est est perspiciatis esse enim sit quae suscipit repellat. Aspernatur aut recusandae aperiam provident voluptatem. Autem aut unde voluptatem alias pariatur facilis.', 'ullam', 3, NULL, '2014-04-10 23:00:18', '1995-12-03 09:06:17');
INSERT INTO `media` (`id`, `media_type_id`, `user_id`, `body`, `filename`, `size`, `metadata`, `created_at`, `updated_at`) VALUES ('59', '59', '200', 'Veniam et dolor omnis quas autem quas illum beatae. Ab consequuntur blanditiis corrupti odio quam repellat qui quibusdam. Consequatur velit tempora nisi voluptatum ut.', 'aut', 398265, NULL, '1996-10-03 07:04:27', '2007-01-25 00:48:15');
INSERT INTO `media` (`id`, `media_type_id`, `user_id`, `body`, `filename`, `size`, `metadata`, `created_at`, `updated_at`) VALUES ('60', '60', '101', 'Deserunt qui sint inventore. Quia mollitia odit velit quia nulla reiciendis eos. Quis sequi sunt exercitationem omnis velit nihil minima.', 'nemo', 5, NULL, '2009-12-28 00:43:58', '2014-04-23 06:37:40');
INSERT INTO `media` (`id`, `media_type_id`, `user_id`, `body`, `filename`, `size`, `metadata`, `created_at`, `updated_at`) VALUES ('61', '61', '102', 'Animi voluptas aut eaque qui quibusdam voluptatem. Facilis numquam eligendi ut corrupti dolor. Quibusdam repudiandae nemo voluptatem magni nihil. Optio vero consequatur doloribus reiciendis qui ab omnis.', 'eos', 66817, NULL, '1990-07-28 18:27:06', '1985-05-18 00:32:40');
INSERT INTO `media` (`id`, `media_type_id`, `user_id`, `body`, `filename`, `size`, `metadata`, `created_at`, `updated_at`) VALUES ('62', '62', '103', 'Fugiat occaecati est odit eos amet quia cumque laborum. Quia molestias qui aut laborum fuga ut. Eos qui a impedit omnis reprehenderit. Ut nesciunt autem sit sed sit qui et.', 'quia', 12012, NULL, '2021-10-12 23:46:26', '1988-10-08 10:38:55');
INSERT INTO `media` (`id`, `media_type_id`, `user_id`, `body`, `filename`, `size`, `metadata`, `created_at`, `updated_at`) VALUES ('63', '63', '105', 'Ipsam possimus eveniet soluta eligendi ducimus. Ipsa qui laborum reiciendis ab. Qui enim deserunt eligendi et et et voluptatem voluptas.', 'consequuntur', 45, NULL, '2007-04-11 07:39:24', '1983-02-08 14:44:37');
INSERT INTO `media` (`id`, `media_type_id`, `user_id`, `body`, `filename`, `size`, `metadata`, `created_at`, `updated_at`) VALUES ('64', '64', '106', 'Et consequatur voluptatem ut sunt facere. Suscipit ipsa ut voluptatem. Ex eligendi eum aperiam deserunt qui. Sit iusto rerum ab officia suscipit consequuntur aperiam molestias.', 'quaerat', 49768818, NULL, '1980-08-05 13:08:57', '2004-01-09 07:01:16');
INSERT INTO `media` (`id`, `media_type_id`, `user_id`, `body`, `filename`, `size`, `metadata`, `created_at`, `updated_at`) VALUES ('65', '65', '109', 'A pariatur accusantium perspiciatis velit. Et alias nostrum hic suscipit sed. Repellat aut non sint ullam minima.', 'sit', 19, NULL, '1995-07-18 14:02:37', '1995-10-15 12:08:00');
INSERT INTO `media` (`id`, `media_type_id`, `user_id`, `body`, `filename`, `size`, `metadata`, `created_at`, `updated_at`) VALUES ('66', '66', '110', 'Qui velit voluptatem corporis quos sapiente est consequatur. Et rerum ut est perferendis et. Architecto ullam a in. Fuga repellendus aut cupiditate omnis molestias. Eius ipsa dolores tenetur dolores temporibus consequatur perferendis.', 'minima', 2, NULL, '2001-11-27 15:57:28', '2002-11-03 11:44:15');
INSERT INTO `media` (`id`, `media_type_id`, `user_id`, `body`, `filename`, `size`, `metadata`, `created_at`, `updated_at`) VALUES ('67', '67', '112', 'Nam architecto odio tenetur doloremque. Illum quas ad inventore nisi vero natus. Nam soluta voluptas aliquam aut.', 'est', 93214, NULL, '2020-09-02 02:09:03', '2019-10-17 15:08:37');
INSERT INTO `media` (`id`, `media_type_id`, `user_id`, `body`, `filename`, `size`, `metadata`, `created_at`, `updated_at`) VALUES ('68', '68', '113', 'Inventore aperiam nostrum aspernatur fugiat quibusdam eos. Quia accusamus repellendus reprehenderit iusto. Vero velit qui qui est ut quisquam.', 'accusantium', 72778, NULL, '2003-03-02 09:33:19', '2004-07-12 14:05:00');
INSERT INTO `media` (`id`, `media_type_id`, `user_id`, `body`, `filename`, `size`, `metadata`, `created_at`, `updated_at`) VALUES ('69', '69', '114', 'Aspernatur nihil quam consequatur nam et nisi. Impedit minus aliquid non qui. Iusto quis corrupti sequi aut sit commodi quo.', 'cupiditate', 16293438, NULL, '1993-08-15 07:27:31', '1980-09-16 14:59:25');
INSERT INTO `media` (`id`, `media_type_id`, `user_id`, `body`, `filename`, `size`, `metadata`, `created_at`, `updated_at`) VALUES ('70', '70', '118', 'Eum rerum nam non rem. Debitis vel facilis beatae veritatis atque dolores iure. Excepturi exercitationem laborum qui praesentium aspernatur.', 'et', 9651116, NULL, '1990-08-07 00:30:53', '1999-02-09 05:12:18');
INSERT INTO `media` (`id`, `media_type_id`, `user_id`, `body`, `filename`, `size`, `metadata`, `created_at`, `updated_at`) VALUES ('71', '71', '120', 'Corporis et ut ut et pariatur. Voluptatibus corporis dolor officia voluptatem. Animi exercitationem soluta asperiores voluptate iste reiciendis et.', 'illum', 104174, NULL, '1986-11-22 10:14:31', '2000-09-16 08:40:44');
INSERT INTO `media` (`id`, `media_type_id`, `user_id`, `body`, `filename`, `size`, `metadata`, `created_at`, `updated_at`) VALUES ('72', '72', '121', 'Et iste exercitationem sed esse distinctio. Quis rem suscipit quia impedit labore iusto. Est deleniti molestias beatae laudantium id.', 'ipsum', 4198, NULL, '1987-09-29 16:01:18', '1972-02-25 00:05:12');
INSERT INTO `media` (`id`, `media_type_id`, `user_id`, `body`, `filename`, `size`, `metadata`, `created_at`, `updated_at`) VALUES ('73', '73', '123', 'Excepturi officia quia cumque atque aut iure debitis enim. Fuga natus ipsum cupiditate aperiam et suscipit sequi provident. Nesciunt est possimus illum doloremque sed. Ducimus molestiae quo debitis delectus suscipit.', 'at', 524420, NULL, '1991-05-16 22:18:40', '2021-01-19 09:36:56');
INSERT INTO `media` (`id`, `media_type_id`, `user_id`, `body`, `filename`, `size`, `metadata`, `created_at`, `updated_at`) VALUES ('74', '74', '125', 'Magnam sed nam consequatur adipisci expedita porro et. Commodi totam exercitationem atque aperiam et vitae. Non nam placeat qui quia.', 'molestiae', 4049852, NULL, '1970-12-08 10:06:49', '1971-02-13 17:30:10');
INSERT INTO `media` (`id`, `media_type_id`, `user_id`, `body`, `filename`, `size`, `metadata`, `created_at`, `updated_at`) VALUES ('75', '75', '126', 'Alias cupiditate dicta eum asperiores dolores ut ut. Porro sit adipisci et aut. Velit ad rerum architecto neque accusamus libero.', 'ut', 699654223, NULL, '1989-08-02 08:16:40', '1996-11-30 08:26:21');
INSERT INTO `media` (`id`, `media_type_id`, `user_id`, `body`, `filename`, `size`, `metadata`, `created_at`, `updated_at`) VALUES ('76', '76', '127', 'Explicabo laboriosam aut dolores non est voluptas ipsam et. Non autem voluptatibus dolore quis quia debitis aperiam omnis. Nobis odit dolores non laudantium animi. Saepe totam beatae commodi laudantium.', 'aperiam', 0, NULL, '2003-12-22 12:11:27', '1983-06-13 16:52:11');
INSERT INTO `media` (`id`, `media_type_id`, `user_id`, `body`, `filename`, `size`, `metadata`, `created_at`, `updated_at`) VALUES ('77', '77', '128', 'Aliquid ipsam vero aliquid ab omnis expedita quis reiciendis. Dicta rerum eum aut in deleniti. Vel itaque odit autem non. Officia molestiae delectus dolores magni nemo.', 'nihil', 0, NULL, '1988-07-12 03:15:23', '2018-03-06 18:05:10');
INSERT INTO `media` (`id`, `media_type_id`, `user_id`, `body`, `filename`, `size`, `metadata`, `created_at`, `updated_at`) VALUES ('78', '78', '131', 'Nam ea praesentium debitis quam perferendis consequatur et sequi. Labore iusto aut aut reprehenderit sapiente dolore voluptate hic.', 'qui', 36, NULL, '1971-10-18 20:50:46', '2009-04-06 15:47:08');
INSERT INTO `media` (`id`, `media_type_id`, `user_id`, `body`, `filename`, `size`, `metadata`, `created_at`, `updated_at`) VALUES ('79', '79', '132', 'Unde sed cum nesciunt rerum harum. Et recusandae architecto vero ipsa error cum molestiae. Aliquam laborum et modi quibusdam occaecati. Saepe non asperiores molestias omnis enim quo.', 'veniam', 2, NULL, '1986-07-27 05:03:12', '2003-02-11 05:41:01');
INSERT INTO `media` (`id`, `media_type_id`, `user_id`, `body`, `filename`, `size`, `metadata`, `created_at`, `updated_at`) VALUES ('80', '80', '133', 'Reiciendis autem nisi soluta voluptatem corporis culpa possimus. Eos repellat voluptatem aut culpa minima eaque delectus. Temporibus dicta non iure odit blanditiis perferendis.', 'sunt', 86, NULL, '2008-01-28 04:23:59', '1986-03-23 07:30:21');
INSERT INTO `media` (`id`, `media_type_id`, `user_id`, `body`, `filename`, `size`, `metadata`, `created_at`, `updated_at`) VALUES ('81', '81', '135', 'Velit voluptate laboriosam impedit. Perferendis omnis aut dignissimos consequatur minus. Quo quos temporibus dolores ut minima dolores possimus. Et autem in minima rem ad sunt.', 'consequuntur', 1275489, NULL, '2016-12-03 12:17:34', '1973-11-25 02:30:07');
INSERT INTO `media` (`id`, `media_type_id`, `user_id`, `body`, `filename`, `size`, `metadata`, `created_at`, `updated_at`) VALUES ('82', '82', '137', 'Odit aut accusamus tenetur molestiae sit rerum placeat molestias. Recusandae nesciunt qui quo sit laborum quis. Dolores officiis ea voluptatem autem blanditiis sint iste. Fugit deserunt quidem id molestiae aut placeat.', 'architecto', 821567, NULL, '1992-03-19 05:07:19', '1978-10-20 17:17:45');
INSERT INTO `media` (`id`, `media_type_id`, `user_id`, `body`, `filename`, `size`, `metadata`, `created_at`, `updated_at`) VALUES ('83', '83', '138', 'Cupiditate voluptas omnis voluptates dolorem. Voluptatem voluptatibus est consectetur placeat. Illo necessitatibus consequatur quidem unde fugit dolor eum porro.', 'qui', 6970670, NULL, '1977-04-30 04:36:08', '2006-11-30 01:58:21');
INSERT INTO `media` (`id`, `media_type_id`, `user_id`, `body`, `filename`, `size`, `metadata`, `created_at`, `updated_at`) VALUES ('84', '84', '139', 'Dolor officiis et explicabo et provident numquam beatae. Sint in non esse et hic quo aut.', 'quibusdam', 910, NULL, '1997-07-16 19:53:21', '2005-11-17 03:26:59');
INSERT INTO `media` (`id`, `media_type_id`, `user_id`, `body`, `filename`, `size`, `metadata`, `created_at`, `updated_at`) VALUES ('85', '85', '141', 'Fugiat itaque quis consequatur doloremque consequatur nihil iure quis. Hic voluptatem quis in dolorum nostrum dolorem aperiam. Quibusdam officiis facere dolorem ex non sed voluptas.', 'odio', 84039697, NULL, '1988-02-08 01:16:21', '1971-12-13 00:56:14');
INSERT INTO `media` (`id`, `media_type_id`, `user_id`, `body`, `filename`, `size`, `metadata`, `created_at`, `updated_at`) VALUES ('86', '86', '144', 'Natus quidem doloribus dolores voluptatibus temporibus tenetur. Omnis neque sed quam aut fugiat error at. Dolores blanditiis dignissimos ab. Magni soluta incidunt sequi voluptas nam facere.', 'id', 782492903, NULL, '1981-08-10 17:15:46', '1978-10-14 23:26:22');
INSERT INTO `media` (`id`, `media_type_id`, `user_id`, `body`, `filename`, `size`, `metadata`, `created_at`, `updated_at`) VALUES ('87', '87', '146', 'Rem architecto et minus soluta. Labore et aspernatur dolores deleniti laudantium delectus. Et tempore recusandae et non molestiae. Earum quos rem quas est consequuntur quis hic.', 'quasi', 346, NULL, '1981-11-29 18:47:03', '2001-05-14 05:59:02');
INSERT INTO `media` (`id`, `media_type_id`, `user_id`, `body`, `filename`, `size`, `metadata`, `created_at`, `updated_at`) VALUES ('88', '88', '147', 'Voluptates quo quod consequatur. Natus nemo necessitatibus velit ut. Earum et itaque facilis nihil sit porro.', 'aspernatur', 0, NULL, '2000-07-25 03:53:14', '2001-03-23 03:23:06');
INSERT INTO `media` (`id`, `media_type_id`, `user_id`, `body`, `filename`, `size`, `metadata`, `created_at`, `updated_at`) VALUES ('89', '89', '148', 'Aut tempora impedit ea quisquam ut. Ex tempora magnam expedita. Aut est laboriosam molestiae et accusamus.', 'delectus', 638698319, NULL, '2002-02-25 20:01:58', '1999-06-08 13:19:43');
INSERT INTO `media` (`id`, `media_type_id`, `user_id`, `body`, `filename`, `size`, `metadata`, `created_at`, `updated_at`) VALUES ('90', '90', '149', 'Rerum enim sequi voluptate non ut maxime et. Et delectus nulla consequatur nam rerum. Eius qui ea ut molestiae.', 'natus', 4393, NULL, '2019-05-24 09:12:05', '1991-08-18 00:22:02');
INSERT INTO `media` (`id`, `media_type_id`, `user_id`, `body`, `filename`, `size`, `metadata`, `created_at`, `updated_at`) VALUES ('91', '91', '151', 'Dolores quidem asperiores neque ut quisquam. Ea cum facere minus neque expedita. Vel rerum in illo ut. Alias quisquam quia modi hic inventore.', 'labore', 1, NULL, '1982-06-22 02:12:17', '1972-11-04 07:31:50');
INSERT INTO `media` (`id`, `media_type_id`, `user_id`, `body`, `filename`, `size`, `metadata`, `created_at`, `updated_at`) VALUES ('92', '92', '154', 'Quibusdam dolores dolor magnam veniam distinctio suscipit omnis natus. Quasi qui quibusdam perferendis. Quam qui maiores nihil distinctio praesentium.', 'cum', 34262075, NULL, '2001-03-19 04:53:44', '1972-12-31 09:35:15');
INSERT INTO `media` (`id`, `media_type_id`, `user_id`, `body`, `filename`, `size`, `metadata`, `created_at`, `updated_at`) VALUES ('93', '93', '155', 'Ullam aperiam ut eos tempora sed aliquid. Ut veritatis harum doloribus est. Dicta repudiandae et odit est iure. Ut recusandae id dolor sit accusantium.', 'qui', 9504316, NULL, '1972-10-26 18:21:41', '2006-12-07 16:56:32');
INSERT INTO `media` (`id`, `media_type_id`, `user_id`, `body`, `filename`, `size`, `metadata`, `created_at`, `updated_at`) VALUES ('94', '94', '157', 'Pariatur nulla quae quia ut eius voluptas nostrum quo. Voluptatem et quasi voluptatem est. Error quidem veritatis quod. Mollitia eum eos exercitationem excepturi eos exercitationem dignissimos eius. Unde officia perferendis qui qui.', 'doloremque', 45, NULL, '1982-09-14 15:09:12', '2020-07-26 12:58:40');
INSERT INTO `media` (`id`, `media_type_id`, `user_id`, `body`, `filename`, `size`, `metadata`, `created_at`, `updated_at`) VALUES ('95', '95', '158', 'Qui ratione minima quia molestiae aliquid illo iure. Pariatur numquam consequuntur sunt qui distinctio. Animi in sit ex aliquid maxime iure. Ullam voluptas repellendus veritatis.', 'eveniet', 65371, NULL, '1976-04-14 21:44:44', '1985-09-11 03:34:58');
INSERT INTO `media` (`id`, `media_type_id`, `user_id`, `body`, `filename`, `size`, `metadata`, `created_at`, `updated_at`) VALUES ('96', '96', '159', 'Adipisci nesciunt ex quia ducimus ea. Eum id ipsam vitae perferendis et officia. Iste voluptatem dolores quisquam consequuntur. Illo perferendis voluptatibus dolorem quasi. Voluptas ipsa recusandae non neque blanditiis temporibus.', 'voluptatem', 57232, NULL, '1973-01-10 01:37:44', '2009-10-15 15:55:28');
INSERT INTO `media` (`id`, `media_type_id`, `user_id`, `body`, `filename`, `size`, `metadata`, `created_at`, `updated_at`) VALUES ('97', '97', '161', 'A ad nulla molestias nam assumenda non dolore. Molestiae delectus illum rerum iure. Nemo aut fugit ad facilis enim ut.', 'iste', 341058, NULL, '2006-09-29 13:37:19', '2018-08-25 06:35:38');
INSERT INTO `media` (`id`, `media_type_id`, `user_id`, `body`, `filename`, `size`, `metadata`, `created_at`, `updated_at`) VALUES ('98', '98', '163', 'Odio aut eum officiis. Mollitia occaecati velit accusantium autem. Odio porro eos magni quia at nisi sunt quibusdam. Iusto a nobis sint. Nulla deserunt explicabo quis excepturi dolore.', 'voluptatum', 0, NULL, '1997-02-16 18:08:42', '1996-06-23 18:38:23');
INSERT INTO `media` (`id`, `media_type_id`, `user_id`, `body`, `filename`, `size`, `metadata`, `created_at`, `updated_at`) VALUES ('99', '99', '164', 'Deleniti illo et corrupti nemo sit adipisci fugit. Sapiente est dolorem nulla odit placeat. Repellendus sit quasi quos maxime amet et quia veniam. Mollitia dignissimos non ullam iste vero unde.', 'possimus', 67037, NULL, '2001-12-06 07:01:19', '2022-01-13 23:20:39');
INSERT INTO `media` (`id`, `media_type_id`, `user_id`, `body`, `filename`, `size`, `metadata`, `created_at`, `updated_at`) VALUES ('100', '100', '165', 'Ratione perferendis ea hic voluptatem earum reiciendis beatae tempore. Quo nisi quibusdam est commodi.', 'voluptatem', 22299551, NULL, '1973-03-22 21:16:05', '1982-07-31 02:58:08');


#
# TABLE STRUCTURE FOR: media_types
#

DROP TABLE IF EXISTS `media_types`;

CREATE TABLE `media_types` (
  `id` bigint(20) unsigned NOT NULL AUTO_INCREMENT,
  `name` varchar(255) COLLATE utf8mb4_unicode_ci DEFAULT NULL,
  `created_at` datetime DEFAULT current_timestamp(),
  `updated_at` datetime DEFAULT NULL ON UPDATE current_timestamp(),
  UNIQUE KEY `id` (`id`)
) ENGINE=InnoDB AUTO_INCREMENT=101 DEFAULT CHARSET=utf8mb4 COLLATE=utf8mb4_unicode_ci;

INSERT INTO `media_types` (`id`, `name`, `created_at`, `updated_at`) VALUES ('1', 'iure', '1991-03-03 20:43:18', '1993-12-27 03:51:12');
INSERT INTO `media_types` (`id`, `name`, `created_at`, `updated_at`) VALUES ('2', 'fugit', '1976-12-27 06:09:03', '1970-07-17 09:09:50');
INSERT INTO `media_types` (`id`, `name`, `created_at`, `updated_at`) VALUES ('3', 'deleniti', '2005-07-01 09:54:04', '1983-02-03 17:26:15');
INSERT INTO `media_types` (`id`, `name`, `created_at`, `updated_at`) VALUES ('4', 'ex', '1976-08-30 05:45:10', '2009-06-04 03:45:58');
INSERT INTO `media_types` (`id`, `name`, `created_at`, `updated_at`) VALUES ('5', 'laboriosam', '1987-06-21 03:09:16', '1990-12-15 18:19:34');
INSERT INTO `media_types` (`id`, `name`, `created_at`, `updated_at`) VALUES ('6', 'dicta', '2020-02-18 17:44:34', '2017-01-25 10:27:36');
INSERT INTO `media_types` (`id`, `name`, `created_at`, `updated_at`) VALUES ('7', 'aut', '1995-08-29 17:32:43', '1991-04-28 22:27:21');
INSERT INTO `media_types` (`id`, `name`, `created_at`, `updated_at`) VALUES ('8', 'est', '2017-07-03 23:51:31', '2004-07-14 15:58:23');
INSERT INTO `media_types` (`id`, `name`, `created_at`, `updated_at`) VALUES ('9', 'dolorem', '1982-12-01 08:07:00', '1999-03-31 21:17:05');
INSERT INTO `media_types` (`id`, `name`, `created_at`, `updated_at`) VALUES ('10', 'voluptas', '2009-05-11 04:18:22', '1978-05-05 15:54:51');
INSERT INTO `media_types` (`id`, `name`, `created_at`, `updated_at`) VALUES ('11', 'dolor', '2001-06-27 07:32:29', '2011-04-15 23:36:03');
INSERT INTO `media_types` (`id`, `name`, `created_at`, `updated_at`) VALUES ('12', 'magnam', '1982-01-18 19:26:44', '1982-03-26 23:34:09');
INSERT INTO `media_types` (`id`, `name`, `created_at`, `updated_at`) VALUES ('13', 'laboriosam', '1996-12-16 07:12:09', '1974-12-25 18:33:04');
INSERT INTO `media_types` (`id`, `name`, `created_at`, `updated_at`) VALUES ('14', 'consequatur', '2002-07-01 19:18:14', '1989-09-29 00:43:05');
INSERT INTO `media_types` (`id`, `name`, `created_at`, `updated_at`) VALUES ('15', 'ad', '1997-03-03 03:37:20', '2020-05-11 03:46:18');
INSERT INTO `media_types` (`id`, `name`, `created_at`, `updated_at`) VALUES ('16', 'perspiciatis', '2008-05-26 18:18:31', '2019-12-22 23:01:26');
INSERT INTO `media_types` (`id`, `name`, `created_at`, `updated_at`) VALUES ('17', 'accusantium', '1990-04-22 18:19:45', '2022-01-29 14:00:07');
INSERT INTO `media_types` (`id`, `name`, `created_at`, `updated_at`) VALUES ('18', 'qui', '1994-08-07 12:51:06', '1976-07-16 01:38:28');
INSERT INTO `media_types` (`id`, `name`, `created_at`, `updated_at`) VALUES ('19', 'dolorem', '1977-04-13 19:20:21', '1972-03-01 12:35:39');
INSERT INTO `media_types` (`id`, `name`, `created_at`, `updated_at`) VALUES ('20', 'dolore', '2002-03-27 13:50:56', '2003-10-22 20:01:53');
INSERT INTO `media_types` (`id`, `name`, `created_at`, `updated_at`) VALUES ('21', 'dolorum', '2005-12-11 14:58:02', '2010-04-12 14:48:12');
INSERT INTO `media_types` (`id`, `name`, `created_at`, `updated_at`) VALUES ('22', 'occaecati', '1992-04-30 09:17:09', '1994-08-11 08:33:14');
INSERT INTO `media_types` (`id`, `name`, `created_at`, `updated_at`) VALUES ('23', 'officiis', '1975-05-23 22:37:13', '1987-11-19 19:21:25');
INSERT INTO `media_types` (`id`, `name`, `created_at`, `updated_at`) VALUES ('24', 'molestias', '2016-03-19 22:14:24', '2017-12-03 17:28:10');
INSERT INTO `media_types` (`id`, `name`, `created_at`, `updated_at`) VALUES ('25', 'ullam', '2019-07-11 18:33:47', '1999-08-30 23:04:04');
INSERT INTO `media_types` (`id`, `name`, `created_at`, `updated_at`) VALUES ('26', 'quia', '2018-03-24 13:03:48', '2017-03-25 16:59:58');
INSERT INTO `media_types` (`id`, `name`, `created_at`, `updated_at`) VALUES ('27', 'doloribus', '1974-03-19 05:56:25', '1992-06-19 03:20:47');
INSERT INTO `media_types` (`id`, `name`, `created_at`, `updated_at`) VALUES ('28', 'officia', '1997-01-28 10:45:50', '1973-01-22 21:44:40');
INSERT INTO `media_types` (`id`, `name`, `created_at`, `updated_at`) VALUES ('29', 'consequatur', '2020-02-27 13:01:17', '2007-01-05 23:43:01');
INSERT INTO `media_types` (`id`, `name`, `created_at`, `updated_at`) VALUES ('30', 'soluta', '2006-10-20 18:55:41', '1971-03-18 16:13:03');
INSERT INTO `media_types` (`id`, `name`, `created_at`, `updated_at`) VALUES ('31', 'sint', '2020-12-09 18:42:40', '2011-06-23 18:24:42');
INSERT INTO `media_types` (`id`, `name`, `created_at`, `updated_at`) VALUES ('32', 'architecto', '2009-07-29 03:21:43', '2013-02-25 21:59:22');
INSERT INTO `media_types` (`id`, `name`, `created_at`, `updated_at`) VALUES ('33', 'est', '1973-07-20 21:10:57', '2019-06-10 21:31:17');
INSERT INTO `media_types` (`id`, `name`, `created_at`, `updated_at`) VALUES ('34', 'dolores', '1987-09-14 20:14:08', '1984-08-16 05:43:34');
INSERT INTO `media_types` (`id`, `name`, `created_at`, `updated_at`) VALUES ('35', 'ut', '1990-01-06 18:29:46', '2000-10-19 15:23:20');
INSERT INTO `media_types` (`id`, `name`, `created_at`, `updated_at`) VALUES ('36', 'omnis', '1983-02-11 13:46:59', '2019-02-12 01:57:55');
INSERT INTO `media_types` (`id`, `name`, `created_at`, `updated_at`) VALUES ('37', 'optio', '2011-11-08 16:42:17', '1999-07-12 12:40:23');
INSERT INTO `media_types` (`id`, `name`, `created_at`, `updated_at`) VALUES ('38', 'qui', '1987-09-08 14:47:44', '1999-03-26 08:35:35');
INSERT INTO `media_types` (`id`, `name`, `created_at`, `updated_at`) VALUES ('39', 'voluptatem', '2008-04-07 20:54:05', '2012-10-20 07:42:47');
INSERT INTO `media_types` (`id`, `name`, `created_at`, `updated_at`) VALUES ('40', 'voluptate', '2011-07-07 01:11:59', '1989-10-19 14:13:57');
INSERT INTO `media_types` (`id`, `name`, `created_at`, `updated_at`) VALUES ('41', 'voluptatum', '2012-11-14 19:18:00', '2007-08-01 14:44:27');
INSERT INTO `media_types` (`id`, `name`, `created_at`, `updated_at`) VALUES ('42', 'repellat', '2007-03-11 19:43:21', '2009-09-30 19:55:54');
INSERT INTO `media_types` (`id`, `name`, `created_at`, `updated_at`) VALUES ('43', 'voluptates', '1997-08-29 04:02:09', '1985-10-17 19:02:15');
INSERT INTO `media_types` (`id`, `name`, `created_at`, `updated_at`) VALUES ('44', 'non', '1973-09-23 09:06:19', '2014-09-05 20:56:02');
INSERT INTO `media_types` (`id`, `name`, `created_at`, `updated_at`) VALUES ('45', 'at', '1991-08-12 00:14:39', '1997-01-02 03:25:23');
INSERT INTO `media_types` (`id`, `name`, `created_at`, `updated_at`) VALUES ('46', 'blanditiis', '2002-01-10 09:09:07', '2019-02-21 03:12:30');
INSERT INTO `media_types` (`id`, `name`, `created_at`, `updated_at`) VALUES ('47', 'error', '1990-12-03 11:06:42', '1984-10-30 17:51:08');
INSERT INTO `media_types` (`id`, `name`, `created_at`, `updated_at`) VALUES ('48', 'consequatur', '1996-08-16 12:35:06', '1980-09-01 07:06:49');
INSERT INTO `media_types` (`id`, `name`, `created_at`, `updated_at`) VALUES ('49', 'modi', '2005-08-18 19:11:35', '1997-06-09 22:14:19');
INSERT INTO `media_types` (`id`, `name`, `created_at`, `updated_at`) VALUES ('50', 'dolor', '1982-02-18 05:45:37', '2001-06-16 16:46:31');
INSERT INTO `media_types` (`id`, `name`, `created_at`, `updated_at`) VALUES ('51', 'atque', '1974-07-06 20:21:04', '1973-07-25 01:27:08');
INSERT INTO `media_types` (`id`, `name`, `created_at`, `updated_at`) VALUES ('52', 'quae', '1971-08-11 08:47:14', '1975-09-06 10:36:25');
INSERT INTO `media_types` (`id`, `name`, `created_at`, `updated_at`) VALUES ('53', 'et', '1977-04-03 07:47:53', '1992-12-17 02:08:14');
INSERT INTO `media_types` (`id`, `name`, `created_at`, `updated_at`) VALUES ('54', 'tempora', '1976-01-27 13:26:22', '1983-12-02 16:11:00');
INSERT INTO `media_types` (`id`, `name`, `created_at`, `updated_at`) VALUES ('55', 'minima', '1991-03-25 04:06:21', '2000-02-05 11:30:48');
INSERT INTO `media_types` (`id`, `name`, `created_at`, `updated_at`) VALUES ('56', 'molestias', '2008-12-07 23:09:39', '1999-03-27 08:04:26');
INSERT INTO `media_types` (`id`, `name`, `created_at`, `updated_at`) VALUES ('57', 'at', '2005-07-11 02:23:13', '1981-04-28 16:45:02');
INSERT INTO `media_types` (`id`, `name`, `created_at`, `updated_at`) VALUES ('58', 'vel', '1999-06-19 04:22:18', '1974-07-09 18:20:05');
INSERT INTO `media_types` (`id`, `name`, `created_at`, `updated_at`) VALUES ('59', 'voluptatem', '2021-08-11 22:10:35', '1974-10-14 05:36:59');
INSERT INTO `media_types` (`id`, `name`, `created_at`, `updated_at`) VALUES ('60', 'porro', '1972-12-27 15:08:55', '1970-05-27 00:14:13');
INSERT INTO `media_types` (`id`, `name`, `created_at`, `updated_at`) VALUES ('61', 'perspiciatis', '1994-09-08 21:14:40', '2015-10-07 04:57:01');
INSERT INTO `media_types` (`id`, `name`, `created_at`, `updated_at`) VALUES ('62', 'officiis', '2009-05-20 01:09:37', '2009-05-17 18:34:55');
INSERT INTO `media_types` (`id`, `name`, `created_at`, `updated_at`) VALUES ('63', 'nobis', '2003-06-07 19:11:14', '2013-12-23 11:21:52');
INSERT INTO `media_types` (`id`, `name`, `created_at`, `updated_at`) VALUES ('64', 'qui', '1983-02-27 00:44:20', '1988-09-08 10:57:00');
INSERT INTO `media_types` (`id`, `name`, `created_at`, `updated_at`) VALUES ('65', 'ipsam', '2021-03-21 03:17:53', '1986-02-14 23:00:12');
INSERT INTO `media_types` (`id`, `name`, `created_at`, `updated_at`) VALUES ('66', 'quaerat', '2019-04-23 17:53:56', '2021-09-29 00:11:53');
INSERT INTO `media_types` (`id`, `name`, `created_at`, `updated_at`) VALUES ('67', 'ipsum', '2005-03-13 23:52:28', '2009-04-17 03:44:21');
INSERT INTO `media_types` (`id`, `name`, `created_at`, `updated_at`) VALUES ('68', 'dolores', '1998-12-25 06:12:20', '2014-11-21 04:39:02');
INSERT INTO `media_types` (`id`, `name`, `created_at`, `updated_at`) VALUES ('69', 'et', '1977-01-31 12:31:19', '1991-11-27 02:30:17');
INSERT INTO `media_types` (`id`, `name`, `created_at`, `updated_at`) VALUES ('70', 'sed', '2008-02-25 15:51:18', '1982-05-07 02:46:35');
INSERT INTO `media_types` (`id`, `name`, `created_at`, `updated_at`) VALUES ('71', 'consequatur', '1983-10-18 18:12:28', '2009-08-06 17:45:19');
INSERT INTO `media_types` (`id`, `name`, `created_at`, `updated_at`) VALUES ('72', 'error', '2016-06-01 23:43:16', '2011-07-25 16:00:23');
INSERT INTO `media_types` (`id`, `name`, `created_at`, `updated_at`) VALUES ('73', 'cupiditate', '2011-05-03 01:49:43', '1995-03-17 05:47:57');
INSERT INTO `media_types` (`id`, `name`, `created_at`, `updated_at`) VALUES ('74', 'tempora', '2020-03-27 21:28:42', '1989-02-14 09:50:13');
INSERT INTO `media_types` (`id`, `name`, `created_at`, `updated_at`) VALUES ('75', 'dolor', '1985-03-06 11:25:52', '2016-06-29 07:37:33');
INSERT INTO `media_types` (`id`, `name`, `created_at`, `updated_at`) VALUES ('76', 'at', '2014-06-03 13:33:18', '2014-10-09 04:56:04');
INSERT INTO `media_types` (`id`, `name`, `created_at`, `updated_at`) VALUES ('77', 'dolorem', '1983-03-07 02:43:04', '1981-04-29 16:11:59');
INSERT INTO `media_types` (`id`, `name`, `created_at`, `updated_at`) VALUES ('78', 'quasi', '2001-10-03 23:19:46', '1979-07-20 17:11:58');
INSERT INTO `media_types` (`id`, `name`, `created_at`, `updated_at`) VALUES ('79', 'nemo', '2019-05-18 02:41:01', '1998-02-15 03:28:50');
INSERT INTO `media_types` (`id`, `name`, `created_at`, `updated_at`) VALUES ('80', 'voluptas', '2017-02-01 04:36:41', '1981-03-06 17:41:24');
INSERT INTO `media_types` (`id`, `name`, `created_at`, `updated_at`) VALUES ('81', 'fugiat', '1973-03-08 09:09:08', '2020-03-19 11:08:14');
INSERT INTO `media_types` (`id`, `name`, `created_at`, `updated_at`) VALUES ('82', 'voluptatum', '1997-11-30 04:27:56', '2015-09-15 05:22:09');
INSERT INTO `media_types` (`id`, `name`, `created_at`, `updated_at`) VALUES ('83', 'eius', '1990-03-08 11:36:06', '1997-10-23 13:45:41');
INSERT INTO `media_types` (`id`, `name`, `created_at`, `updated_at`) VALUES ('84', 'iste', '2006-03-28 12:55:39', '1988-12-30 19:58:42');
INSERT INTO `media_types` (`id`, `name`, `created_at`, `updated_at`) VALUES ('85', 'sit', '1979-02-13 12:10:44', '1971-10-24 05:27:39');
INSERT INTO `media_types` (`id`, `name`, `created_at`, `updated_at`) VALUES ('86', 'excepturi', '1979-07-18 01:55:33', '1997-05-09 17:41:09');
INSERT INTO `media_types` (`id`, `name`, `created_at`, `updated_at`) VALUES ('87', 'quis', '1977-04-21 22:47:10', '1979-12-04 18:09:09');
INSERT INTO `media_types` (`id`, `name`, `created_at`, `updated_at`) VALUES ('88', 'quae', '2005-08-24 00:01:09', '1984-11-16 04:54:20');
INSERT INTO `media_types` (`id`, `name`, `created_at`, `updated_at`) VALUES ('89', 'temporibus', '2012-07-30 06:05:39', '1971-01-10 07:14:42');
INSERT INTO `media_types` (`id`, `name`, `created_at`, `updated_at`) VALUES ('90', 'est', '2016-07-08 01:26:38', '1979-07-04 15:24:41');
INSERT INTO `media_types` (`id`, `name`, `created_at`, `updated_at`) VALUES ('91', 'iusto', '1993-02-04 16:31:29', '1988-01-21 06:38:55');
INSERT INTO `media_types` (`id`, `name`, `created_at`, `updated_at`) VALUES ('92', 'laudantium', '1990-07-19 02:32:43', '2014-06-27 06:14:14');
INSERT INTO `media_types` (`id`, `name`, `created_at`, `updated_at`) VALUES ('93', 'non', '2000-05-03 18:01:20', '2004-11-21 16:38:36');
INSERT INTO `media_types` (`id`, `name`, `created_at`, `updated_at`) VALUES ('94', 'dolorem', '2009-10-15 12:43:49', '1992-03-10 15:41:20');
INSERT INTO `media_types` (`id`, `name`, `created_at`, `updated_at`) VALUES ('95', 'sed', '1986-08-02 04:09:52', '1999-10-13 23:54:04');
INSERT INTO `media_types` (`id`, `name`, `created_at`, `updated_at`) VALUES ('96', 'facere', '2007-02-19 07:27:42', '2002-10-07 09:55:03');
INSERT INTO `media_types` (`id`, `name`, `created_at`, `updated_at`) VALUES ('97', 'non', '2005-03-29 13:00:11', '1971-10-31 00:26:53');
INSERT INTO `media_types` (`id`, `name`, `created_at`, `updated_at`) VALUES ('98', 'corrupti', '1995-05-09 11:02:55', '1997-12-19 17:32:17');
INSERT INTO `media_types` (`id`, `name`, `created_at`, `updated_at`) VALUES ('99', 'quibusdam', '1986-01-16 07:59:11', '1978-03-16 06:49:18');
INSERT INTO `media_types` (`id`, `name`, `created_at`, `updated_at`) VALUES ('100', 'commodi', '2017-08-02 22:01:13', '1989-07-24 17:57:16');


#
# TABLE STRUCTURE FOR: messages
#

DROP TABLE IF EXISTS `messages`;

CREATE TABLE `messages` (
  `id` bigint(20) unsigned NOT NULL AUTO_INCREMENT,
  `from_user_id` bigint(20) unsigned NOT NULL,
  `to_user_id` bigint(20) unsigned NOT NULL,
  `body` text COLLATE utf8mb4_unicode_ci DEFAULT NULL,
  `created_at` datetime DEFAULT current_timestamp(),
  UNIQUE KEY `id` (`id`),
  KEY `from_user_id` (`from_user_id`),
  KEY `to_user_id` (`to_user_id`),
  CONSTRAINT `messages_ibfk_1` FOREIGN KEY (`from_user_id`) REFERENCES `users` (`id`),
  CONSTRAINT `messages_ibfk_2` FOREIGN KEY (`to_user_id`) REFERENCES `users` (`id`)
) ENGINE=InnoDB AUTO_INCREMENT=101 DEFAULT CHARSET=utf8mb4 COLLATE=utf8mb4_unicode_ci;

INSERT INTO `messages` (`id`, `from_user_id`, `to_user_id`, `body`, `created_at`) VALUES ('1', '101', '101', 'Soluta rerum eligendi molestias voluptas commodi saepe minus. Tempora laborum autem a est.', '1996-03-12 08:02:00');
INSERT INTO `messages` (`id`, `from_user_id`, `to_user_id`, `body`, `created_at`) VALUES ('2', '102', '102', 'Omnis sed accusamus hic. Doloremque architecto et et voluptatum. Odit vel sed dolorem optio non nam repellat.', '2006-03-16 23:39:53');
INSERT INTO `messages` (`id`, `from_user_id`, `to_user_id`, `body`, `created_at`) VALUES ('3', '103', '103', 'Dolore hic omnis repudiandae quasi nemo nulla ex. Architecto rem asperiores cumque sed aut sint. Cumque consequatur maxime nihil nostrum. Aliquid architecto soluta ut assumenda occaecati rerum possimus.', '2013-05-28 11:53:01');
INSERT INTO `messages` (`id`, `from_user_id`, `to_user_id`, `body`, `created_at`) VALUES ('4', '105', '105', 'Incidunt qui voluptas autem esse eos laudantium libero dolor. Aut sint placeat repellendus iste. Aperiam aut ut corrupti asperiores et.', '2000-05-06 02:36:17');
INSERT INTO `messages` (`id`, `from_user_id`, `to_user_id`, `body`, `created_at`) VALUES ('5', '106', '106', 'Recusandae aliquam voluptas quis beatae excepturi est adipisci. Ut illum perspiciatis corporis eveniet. Ipsam est iusto vel.', '1984-05-01 05:05:02');
INSERT INTO `messages` (`id`, `from_user_id`, `to_user_id`, `body`, `created_at`) VALUES ('6', '109', '109', 'Doloribus molestias corrupti beatae blanditiis. Repellendus minima cumque ducimus alias distinctio eum mollitia voluptatem. Sequi fuga nisi voluptas non soluta iste incidunt non. Asperiores aut quia dolorem dolor fugit sapiente ipsum.', '1984-07-12 15:55:20');
INSERT INTO `messages` (`id`, `from_user_id`, `to_user_id`, `body`, `created_at`) VALUES ('7', '110', '110', 'Consectetur id ipsam officia ut. Quo cum rem rem in temporibus odit deserunt. Qui quaerat quia laudantium qui accusantium veniam quia.', '2004-11-21 17:59:34');
INSERT INTO `messages` (`id`, `from_user_id`, `to_user_id`, `body`, `created_at`) VALUES ('8', '112', '112', 'Eum nihil perspiciatis inventore non sit nulla sunt. Culpa tempora necessitatibus illum cupiditate praesentium cupiditate. Nisi velit sed libero exercitationem numquam. Ut id soluta in exercitationem.', '1998-04-18 16:37:14');
INSERT INTO `messages` (`id`, `from_user_id`, `to_user_id`, `body`, `created_at`) VALUES ('9', '113', '113', 'Est quia voluptas expedita ab. Aperiam facilis quae sit sed repellendus dicta deleniti aliquam. Aliquam iusto deserunt nihil omnis perspiciatis. Minima quod eos quis beatae aliquam reprehenderit et.', '2002-07-11 21:26:02');
INSERT INTO `messages` (`id`, `from_user_id`, `to_user_id`, `body`, `created_at`) VALUES ('10', '114', '114', 'Porro dolorum est iusto qui neque labore voluptatem. Nulla ea voluptatem ad enim magnam. Quae officiis quasi quia repellendus sed quia aut.', '1971-10-18 15:14:11');
INSERT INTO `messages` (`id`, `from_user_id`, `to_user_id`, `body`, `created_at`) VALUES ('11', '118', '118', 'Eum vero vel assumenda ullam natus ut. Dolorum dolore nobis sit nihil est enim. Omnis id asperiores deserunt non sit consequatur at. Corporis fugiat consequatur eaque. Fuga cum quaerat molestiae aut dolor illo aliquam.', '2004-01-09 13:41:11');
INSERT INTO `messages` (`id`, `from_user_id`, `to_user_id`, `body`, `created_at`) VALUES ('12', '120', '120', 'Aut eligendi pariatur eum excepturi perspiciatis. Veritatis ea numquam aspernatur et minus itaque fuga. Aliquam voluptatem et voluptatem sunt et minus molestiae qui.', '2021-10-01 09:35:19');
INSERT INTO `messages` (`id`, `from_user_id`, `to_user_id`, `body`, `created_at`) VALUES ('13', '121', '121', 'Molestiae velit ut recusandae. Quod excepturi et sint voluptatibus quia quis. Aut quis aut nulla quia molestiae.', '1975-11-01 04:20:09');
INSERT INTO `messages` (`id`, `from_user_id`, `to_user_id`, `body`, `created_at`) VALUES ('14', '123', '123', 'Ipsum enim consequuntur impedit dolorem. Et earum a repellat velit earum cupiditate iste. Veniam ipsa provident corporis dolore. Esse adipisci debitis nam dolorem itaque.', '1975-03-25 09:46:02');
INSERT INTO `messages` (`id`, `from_user_id`, `to_user_id`, `body`, `created_at`) VALUES ('15', '125', '125', 'Omnis sapiente sunt esse expedita. Laboriosam atque quae voluptatem. Debitis eius deleniti animi magnam nulla. Beatae qui autem delectus.', '2011-06-02 11:37:12');
INSERT INTO `messages` (`id`, `from_user_id`, `to_user_id`, `body`, `created_at`) VALUES ('16', '126', '126', 'Distinctio dolor laboriosam aliquid dicta eius accusantium unde quia. Id atque dolore eius eius fuga dolores. Dolorem doloremque et tenetur numquam. Ad omnis voluptates incidunt omnis.', '1996-12-04 05:22:35');
INSERT INTO `messages` (`id`, `from_user_id`, `to_user_id`, `body`, `created_at`) VALUES ('17', '127', '127', 'Consequatur quos a beatae. Distinctio provident voluptas accusantium distinctio culpa ipsum iusto deleniti.', '2019-05-11 16:12:29');
INSERT INTO `messages` (`id`, `from_user_id`, `to_user_id`, `body`, `created_at`) VALUES ('18', '128', '128', 'Maiores assumenda veniam veritatis ut et rerum eius. Qui ratione consectetur rerum. Rerum omnis nesciunt in et perferendis voluptatibus ratione. Praesentium consectetur aut sed.', '1992-02-29 21:22:50');
INSERT INTO `messages` (`id`, `from_user_id`, `to_user_id`, `body`, `created_at`) VALUES ('19', '131', '131', 'Facilis delectus natus officia explicabo. Amet in ab est nihil molestiae numquam voluptates. Quis qui similique maiores impedit repudiandae. Libero consequatur veniam autem assumenda esse aut.', '2017-02-13 19:50:04');
INSERT INTO `messages` (`id`, `from_user_id`, `to_user_id`, `body`, `created_at`) VALUES ('20', '132', '132', 'Ipsum voluptatem sunt quia nemo qui. Nisi voluptate sit ut sint qui voluptatum ducimus. Aut nulla beatae adipisci dicta aut voluptatem harum. Nulla unde et aut id tenetur laborum similique rerum.', '1991-09-13 11:30:36');
INSERT INTO `messages` (`id`, `from_user_id`, `to_user_id`, `body`, `created_at`) VALUES ('21', '133', '133', 'Aspernatur voluptatem id cupiditate facilis voluptatem. Eaque vel eveniet et est et blanditiis. Aut labore molestiae ut tenetur porro autem.', '2009-12-23 22:04:23');
INSERT INTO `messages` (`id`, `from_user_id`, `to_user_id`, `body`, `created_at`) VALUES ('22', '135', '135', 'Aut ad aut et. Quasi provident est qui et.', '2004-05-24 13:41:42');
INSERT INTO `messages` (`id`, `from_user_id`, `to_user_id`, `body`, `created_at`) VALUES ('23', '137', '137', 'Enim vel perspiciatis sunt. Est eum nisi omnis in placeat vel. Error aliquid ipsum eum.', '2000-10-19 00:43:58');
INSERT INTO `messages` (`id`, `from_user_id`, `to_user_id`, `body`, `created_at`) VALUES ('24', '138', '138', 'Molestias id optio labore voluptatem. Aut quo voluptatem consequuntur ut error sunt et consequatur. Rem distinctio temporibus id. Commodi hic fuga non quis nemo.', '1989-11-07 08:07:23');
INSERT INTO `messages` (`id`, `from_user_id`, `to_user_id`, `body`, `created_at`) VALUES ('25', '139', '139', 'Ducimus ea accusantium et ut. Minus architecto nisi sunt similique distinctio velit incidunt non. Soluta aut enim autem odio.', '2008-02-02 14:33:35');
INSERT INTO `messages` (`id`, `from_user_id`, `to_user_id`, `body`, `created_at`) VALUES ('26', '141', '141', 'Doloremque illo in ipsa expedita maxime illo. Qui possimus voluptatem tenetur alias tempore dolores. Sit quaerat rerum dolore delectus corporis atque. Est ullam nostrum quo voluptates vel minima. Mollitia ut et et.', '2004-02-22 23:08:05');
INSERT INTO `messages` (`id`, `from_user_id`, `to_user_id`, `body`, `created_at`) VALUES ('27', '144', '144', 'Occaecati suscipit dolorem minima fugit aliquam. Omnis in quibusdam officiis facilis minima corrupti. Unde consequuntur soluta voluptas qui quis molestiae. Placeat et autem et aut ut eos. Voluptate fuga aspernatur eum eum recusandae molestiae soluta.', '1987-08-13 07:21:34');
INSERT INTO `messages` (`id`, `from_user_id`, `to_user_id`, `body`, `created_at`) VALUES ('28', '146', '146', 'Dolorum sed sunt enim et aliquid quaerat. Similique perspiciatis doloremque consectetur voluptatem et. Voluptatem consequatur libero ex ratione ducimus. Ratione sed et et autem non. Dolorum velit quaerat qui.', '1982-04-30 22:38:37');
INSERT INTO `messages` (`id`, `from_user_id`, `to_user_id`, `body`, `created_at`) VALUES ('29', '147', '147', 'Fugiat asperiores culpa officia eveniet eum sed autem expedita. Velit ea veniam architecto voluptate praesentium ex. Aliquam praesentium dolorum perferendis alias.', '2021-02-15 06:47:00');
INSERT INTO `messages` (`id`, `from_user_id`, `to_user_id`, `body`, `created_at`) VALUES ('30', '148', '148', 'Nulla in dolor totam earum. Qui iusto dolores non nulla repellat voluptatem delectus. Eius autem asperiores voluptatem nisi unde recusandae pariatur. Quidem corporis quia delectus aut.', '2016-12-02 00:05:44');
INSERT INTO `messages` (`id`, `from_user_id`, `to_user_id`, `body`, `created_at`) VALUES ('31', '149', '149', 'Sunt et dolore perferendis adipisci voluptatem eveniet. Aut eos cum quod eos animi.', '2014-10-27 06:57:18');
INSERT INTO `messages` (`id`, `from_user_id`, `to_user_id`, `body`, `created_at`) VALUES ('32', '151', '151', 'Dignissimos occaecati eum enim et. Dolor inventore voluptas exercitationem. Odio voluptas delectus vel perferendis odit earum nihil et. Corrupti architecto quod qui incidunt omnis.', '2013-05-14 06:15:56');
INSERT INTO `messages` (`id`, `from_user_id`, `to_user_id`, `body`, `created_at`) VALUES ('33', '154', '154', 'Et provident voluptatem velit vero eum porro minus. Temporibus optio neque recusandae. Aliquid saepe blanditiis soluta fuga mollitia. Deserunt maxime nisi voluptas non unde fugit.', '1975-02-25 16:57:24');
INSERT INTO `messages` (`id`, `from_user_id`, `to_user_id`, `body`, `created_at`) VALUES ('34', '155', '155', 'Reprehenderit facere asperiores consequatur. Eos eum ea architecto quas eos sunt. Inventore rerum qui aut dolor qui distinctio sit. Asperiores ipsa veritatis enim assumenda.', '2014-01-17 12:32:18');
INSERT INTO `messages` (`id`, `from_user_id`, `to_user_id`, `body`, `created_at`) VALUES ('35', '157', '157', 'Quos quidem est a. Modi a consequatur quos laboriosam. Et voluptatibus ducimus voluptas consequatur assumenda ut ut magnam.', '2000-12-20 18:26:20');
INSERT INTO `messages` (`id`, `from_user_id`, `to_user_id`, `body`, `created_at`) VALUES ('36', '158', '158', 'Porro et est omnis sed reiciendis voluptates minus eos. Error et ab commodi nihil eligendi. Corrupti sapiente qui rem earum non. Suscipit et tempore sed et dolor.', '1984-06-10 02:09:49');
INSERT INTO `messages` (`id`, `from_user_id`, `to_user_id`, `body`, `created_at`) VALUES ('37', '159', '159', 'Aut sed iure eum tempore. Qui voluptates veritatis autem accusantium. Fuga vel aliquid aliquam et non blanditiis debitis. Vel rerum molestiae quaerat aliquid.', '2009-03-05 20:30:34');
INSERT INTO `messages` (`id`, `from_user_id`, `to_user_id`, `body`, `created_at`) VALUES ('38', '161', '161', 'Molestiae quaerat veritatis harum neque amet velit eos. Non autem dolorem qui sapiente in. Natus et id temporibus est repellendus. Sed doloremque est ut optio sunt reiciendis.', '2015-02-23 23:36:44');
INSERT INTO `messages` (`id`, `from_user_id`, `to_user_id`, `body`, `created_at`) VALUES ('39', '163', '163', 'Officiis impedit minus aliquid. Quia facere numquam ducimus voluptatum. Exercitationem veritatis et explicabo aut qui totam optio. Autem consectetur porro delectus nihil nihil dicta.', '1974-12-25 15:30:45');
INSERT INTO `messages` (`id`, `from_user_id`, `to_user_id`, `body`, `created_at`) VALUES ('40', '164', '164', 'Ut tempore doloribus explicabo perferendis. Vel aut corrupti facere in. Hic natus in necessitatibus porro.', '1982-01-04 23:53:37');
INSERT INTO `messages` (`id`, `from_user_id`, `to_user_id`, `body`, `created_at`) VALUES ('41', '165', '165', 'Temporibus qui deserunt dolor. Odit cumque molestiae ut dicta. Nihil natus sit voluptate cum. Voluptatem ducimus cum voluptatem accusamus.', '1983-07-10 16:42:18');
INSERT INTO `messages` (`id`, `from_user_id`, `to_user_id`, `body`, `created_at`) VALUES ('42', '166', '166', 'Maiores doloremque cupiditate et ut quos occaecati reiciendis. Aut praesentium amet ut. Dolorum ex amet suscipit vitae soluta facilis est non. Distinctio ut ad cupiditate esse.', '1978-08-30 06:23:02');
INSERT INTO `messages` (`id`, `from_user_id`, `to_user_id`, `body`, `created_at`) VALUES ('43', '167', '167', 'Deserunt impedit aut nihil asperiores maxime id. Cumque et perspiciatis aperiam sint. In iusto facere assumenda et.', '1975-01-03 06:52:59');
INSERT INTO `messages` (`id`, `from_user_id`, `to_user_id`, `body`, `created_at`) VALUES ('44', '170', '170', 'Et voluptatum quis harum commodi. Omnis repellat aut aut maiores sunt illum odit. Tempora dolorem est vero velit ipsa odit hic. Ut et assumenda sunt fugit dolorum repudiandae sit.', '2012-03-31 15:40:33');
INSERT INTO `messages` (`id`, `from_user_id`, `to_user_id`, `body`, `created_at`) VALUES ('45', '171', '171', 'Beatae minima voluptatum totam eveniet qui. Est iste numquam a repellat qui. Odio est voluptatem totam delectus dolores quam laborum assumenda. Unde delectus doloribus necessitatibus sit.', '2008-02-07 22:30:27');
INSERT INTO `messages` (`id`, `from_user_id`, `to_user_id`, `body`, `created_at`) VALUES ('46', '172', '172', 'A qui et officiis saepe ut laudantium eos eveniet. Eligendi vel quam enim consequatur reprehenderit animi in. Ut sunt nihil velit quas nisi voluptatum quod tempora. Et voluptates fugit quis modi omnis.', '2005-06-14 18:29:31');
INSERT INTO `messages` (`id`, `from_user_id`, `to_user_id`, `body`, `created_at`) VALUES ('47', '173', '173', 'Ut ut aut ut nesciunt error qui illo. Est voluptate ipsum rerum sed consequuntur. Aspernatur eveniet totam animi perferendis non excepturi. Quidem quam ea aut ipsa.', '2020-12-09 05:26:50');
INSERT INTO `messages` (`id`, `from_user_id`, `to_user_id`, `body`, `created_at`) VALUES ('48', '175', '175', 'Et id ut vel sequi illo ut. Maiores quaerat molestiae fuga officiis sed. Iure occaecati exercitationem ut adipisci ipsa impedit. Eum maiores ratione aut ea et laboriosam omnis.', '2001-06-22 21:30:45');
INSERT INTO `messages` (`id`, `from_user_id`, `to_user_id`, `body`, `created_at`) VALUES ('49', '176', '176', 'Asperiores ut qui perspiciatis tempore. Et a neque aspernatur reprehenderit accusantium autem repellendus. Aut sed sapiente sint dolores. Eaque quo sit sunt quos ut.', '1989-07-23 14:27:54');
INSERT INTO `messages` (`id`, `from_user_id`, `to_user_id`, `body`, `created_at`) VALUES ('50', '180', '180', 'Dolor est quia sunt ut consectetur et incidunt laboriosam. Reiciendis recusandae fugit esse quod nemo laudantium soluta. At laudantium mollitia doloremque vitae ad qui amet ut.', '1974-08-15 04:33:29');
INSERT INTO `messages` (`id`, `from_user_id`, `to_user_id`, `body`, `created_at`) VALUES ('51', '182', '182', 'Eos ullam quo laboriosam eligendi maiores. Dignissimos qui eos dolores ab ipsam. Autem incidunt eum voluptas facilis voluptatem dolorem tempora. Unde dicta voluptates facilis dignissimos commodi tempore itaque.', '1985-01-07 12:10:58');
INSERT INTO `messages` (`id`, `from_user_id`, `to_user_id`, `body`, `created_at`) VALUES ('52', '183', '183', 'Praesentium officia autem voluptatum non amet ut sit. Cum vel iusto aut temporibus ut dolorem perspiciatis. Laborum odio et quia ullam quis quia. Quia aperiam eum ullam.', '1985-11-21 20:11:40');
INSERT INTO `messages` (`id`, `from_user_id`, `to_user_id`, `body`, `created_at`) VALUES ('53', '184', '184', 'Neque et facere laboriosam quibusdam facere nemo qui hic. Alias voluptatem repudiandae voluptas vero. Aspernatur cum laborum consequatur rem ea eaque. Est amet possimus possimus.', '2021-10-29 19:15:20');
INSERT INTO `messages` (`id`, `from_user_id`, `to_user_id`, `body`, `created_at`) VALUES ('54', '185', '185', 'Ratione alias rem cupiditate rerum ipsa voluptates. Minima optio ipsa quo. Rem totam et illo sit et et voluptatibus. Et voluptas officiis fugit nihil hic ut ut sit.', '2022-04-05 14:00:15');
INSERT INTO `messages` (`id`, `from_user_id`, `to_user_id`, `body`, `created_at`) VALUES ('55', '192', '192', 'Voluptatem qui voluptatum veritatis quo sapiente distinctio. Ut repellendus quia expedita voluptas similique.', '1998-05-08 22:49:21');
INSERT INTO `messages` (`id`, `from_user_id`, `to_user_id`, `body`, `created_at`) VALUES ('56', '193', '193', 'Iusto minima iusto architecto nam sed. Accusamus eaque tempore nihil dicta ipsum molestiae iusto. Autem voluptatem porro optio aliquam laudantium. Est voluptas saepe voluptatum maiores.', '1990-09-20 12:00:37');
INSERT INTO `messages` (`id`, `from_user_id`, `to_user_id`, `body`, `created_at`) VALUES ('57', '194', '194', 'Consequuntur et dignissimos nesciunt nihil temporibus sunt. Voluptas quia beatae ut magnam dolor. Quam numquam voluptates qui dignissimos dolor eos.', '1990-10-07 13:02:52');
INSERT INTO `messages` (`id`, `from_user_id`, `to_user_id`, `body`, `created_at`) VALUES ('58', '199', '199', 'Hic earum dolores corrupti et voluptatem animi facilis. Et laudantium consequatur consequatur quaerat numquam quidem cum. Et qui molestiae iure repudiandae consequuntur.', '2001-11-06 04:17:35');
INSERT INTO `messages` (`id`, `from_user_id`, `to_user_id`, `body`, `created_at`) VALUES ('59', '200', '200', 'Non voluptatem molestias temporibus minus voluptate. Omnis molestiae quo reiciendis qui saepe. Consequuntur dolor alias quos unde pariatur enim. Accusamus temporibus eligendi placeat eum facilis illo quis.', '1974-01-13 22:25:16');
INSERT INTO `messages` (`id`, `from_user_id`, `to_user_id`, `body`, `created_at`) VALUES ('60', '101', '101', 'Enim voluptas dolorem quaerat. Sequi pariatur tempore dolore quibusdam voluptas.', '1993-12-26 21:34:28');
INSERT INTO `messages` (`id`, `from_user_id`, `to_user_id`, `body`, `created_at`) VALUES ('61', '102', '102', 'Ut reprehenderit ut in et rerum. Accusamus doloribus fugiat non pariatur labore praesentium. Inventore dolor officia enim quas cum iure. Asperiores consequatur ut aperiam numquam voluptates eveniet.', '2021-08-25 12:22:16');
INSERT INTO `messages` (`id`, `from_user_id`, `to_user_id`, `body`, `created_at`) VALUES ('62', '103', '103', 'Odit laborum dolor asperiores non nisi omnis nam eum. Atque impedit corporis nesciunt natus est omnis. Quisquam dignissimos eaque eos omnis et at soluta laboriosam. Non sint exercitationem delectus dicta dolorum optio consectetur.', '1978-04-12 17:34:32');
INSERT INTO `messages` (`id`, `from_user_id`, `to_user_id`, `body`, `created_at`) VALUES ('63', '105', '105', 'Culpa voluptas deleniti officia corporis. Ratione nostrum quisquam voluptas quisquam aut. Earum repudiandae nobis doloremque voluptate ut. Consequatur natus aut qui sint laborum harum.', '1999-07-14 10:57:41');
INSERT INTO `messages` (`id`, `from_user_id`, `to_user_id`, `body`, `created_at`) VALUES ('64', '106', '106', 'Quasi et autem voluptatum ut voluptas. Explicabo quos exercitationem saepe unde tenetur veniam est. Vitae beatae fugit laudantium consequuntur exercitationem nihil.', '1978-07-02 16:44:52');
INSERT INTO `messages` (`id`, `from_user_id`, `to_user_id`, `body`, `created_at`) VALUES ('65', '109', '109', 'Sed ea officiis blanditiis quaerat. Consequuntur voluptatem aut sed id quia. Quas laborum eum ea qui ipsum eos distinctio. Eveniet blanditiis rerum nemo nobis voluptas.', '2017-02-22 23:00:40');
INSERT INTO `messages` (`id`, `from_user_id`, `to_user_id`, `body`, `created_at`) VALUES ('66', '110', '110', 'Exercitationem voluptas voluptatem ut sunt delectus sit illo. Exercitationem magnam delectus itaque sequi. Voluptatibus illo perspiciatis consequuntur.', '1976-03-28 17:41:41');
INSERT INTO `messages` (`id`, `from_user_id`, `to_user_id`, `body`, `created_at`) VALUES ('67', '112', '112', 'Reprehenderit pariatur iste rerum tempore quia. Quibusdam molestias odit cupiditate voluptas et. Perspiciatis et necessitatibus et dicta et sunt ratione autem.', '1989-06-24 18:11:59');
INSERT INTO `messages` (`id`, `from_user_id`, `to_user_id`, `body`, `created_at`) VALUES ('68', '113', '113', 'Culpa officiis quo voluptas ducimus et quis reiciendis nam. Recusandae aut consequuntur voluptatem sequi libero sed libero. Labore necessitatibus magnam ratione. Consequatur debitis asperiores quisquam ea nesciunt dignissimos.', '1994-09-14 12:20:24');
INSERT INTO `messages` (`id`, `from_user_id`, `to_user_id`, `body`, `created_at`) VALUES ('69', '114', '114', 'Veritatis ipsa numquam autem quis quia enim et. Delectus quis deserunt a officia consectetur id ut. Quod voluptas sequi amet minima enim illum harum.', '2005-06-11 14:53:32');
INSERT INTO `messages` (`id`, `from_user_id`, `to_user_id`, `body`, `created_at`) VALUES ('70', '118', '118', 'Labore dolorem totam accusamus doloribus aliquid rerum commodi quia. Recusandae nesciunt perferendis suscipit perferendis et. Quas ratione saepe quidem enim. Saepe vero vitae ea animi tenetur aut.', '1985-08-07 13:20:12');
INSERT INTO `messages` (`id`, `from_user_id`, `to_user_id`, `body`, `created_at`) VALUES ('71', '120', '120', 'Amet expedita dolorem natus praesentium mollitia. Ut illo expedita velit magnam suscipit explicabo. Sed consectetur nisi voluptatem quae eligendi aut. Est dignissimos laudantium animi aut nihil.', '1979-12-07 16:31:21');
INSERT INTO `messages` (`id`, `from_user_id`, `to_user_id`, `body`, `created_at`) VALUES ('72', '121', '121', 'Quaerat illo dicta optio in id quis. Velit dicta quam omnis omnis corrupti. Sunt accusantium alias minus est architecto. Molestias quos nisi voluptatem ab sint fugit.', '1990-10-20 01:36:11');
INSERT INTO `messages` (`id`, `from_user_id`, `to_user_id`, `body`, `created_at`) VALUES ('73', '123', '123', 'Et earum rerum nihil voluptas. Iste corrupti sapiente neque est quidem harum. Facere ratione ut consequatur delectus. Accusamus eos et maiores nobis qui amet.', '1999-10-14 02:56:57');
INSERT INTO `messages` (`id`, `from_user_id`, `to_user_id`, `body`, `created_at`) VALUES ('74', '125', '125', 'Similique ipsum modi numquam rem molestias. Voluptatibus dolore rerum blanditiis. Numquam et laudantium voluptatem consectetur cum non tempora.', '1979-09-12 14:12:36');
INSERT INTO `messages` (`id`, `from_user_id`, `to_user_id`, `body`, `created_at`) VALUES ('75', '126', '126', 'Architecto atque aliquid incidunt voluptatem laborum aliquid illum impedit. Et voluptatem minus quia in aliquid rerum. Illum quae rem veniam sint iste omnis.', '1986-10-03 10:23:56');
INSERT INTO `messages` (`id`, `from_user_id`, `to_user_id`, `body`, `created_at`) VALUES ('76', '127', '127', 'Recusandae repellendus commodi quo voluptate soluta sunt illo consequatur. Impedit minus sint enim sit dolor iusto. Asperiores veritatis blanditiis ut. Ullam nam aut consequatur eveniet sapiente et quia.', '2002-11-30 05:33:50');
INSERT INTO `messages` (`id`, `from_user_id`, `to_user_id`, `body`, `created_at`) VALUES ('77', '128', '128', 'Iusto est similique possimus vero excepturi et alias. Nulla qui fuga quibusdam. Illum fugit voluptatem enim dolor et consequatur. Numquam laborum quia pariatur explicabo in exercitationem.', '1987-11-21 08:00:54');
INSERT INTO `messages` (`id`, `from_user_id`, `to_user_id`, `body`, `created_at`) VALUES ('78', '131', '131', 'Eius est quis dolor sunt repellendus voluptas. Voluptatem qui sed enim asperiores voluptatum ex. Doloribus harum voluptate incidunt est quia quibusdam iusto. Exercitationem voluptatibus similique accusamus facere nobis.', '2019-10-10 19:09:00');
INSERT INTO `messages` (`id`, `from_user_id`, `to_user_id`, `body`, `created_at`) VALUES ('79', '132', '132', 'Sint atque ea iure. Debitis laborum est a ut aut.', '2002-10-13 15:37:41');
INSERT INTO `messages` (`id`, `from_user_id`, `to_user_id`, `body`, `created_at`) VALUES ('80', '133', '133', 'Aliquam dignissimos voluptatem consequatur numquam ex est expedita et. Architecto officia ipsum quos odio ullam. Magnam sed sed doloribus. Provident necessitatibus cum earum sit cum.', '2020-01-05 00:43:32');
INSERT INTO `messages` (`id`, `from_user_id`, `to_user_id`, `body`, `created_at`) VALUES ('81', '135', '135', 'Deserunt totam rerum eaque in velit optio. Nisi fugit quos sunt exercitationem quisquam. Eaque inventore unde voluptas libero. Ut deserunt fugiat ea non.', '2014-07-20 11:13:21');
INSERT INTO `messages` (`id`, `from_user_id`, `to_user_id`, `body`, `created_at`) VALUES ('82', '137', '137', 'Molestiae itaque numquam maiores sed quidem fugiat. Reiciendis optio enim sequi quis repudiandae suscipit sunt. Omnis fuga et ut autem.', '1978-08-27 17:15:19');
INSERT INTO `messages` (`id`, `from_user_id`, `to_user_id`, `body`, `created_at`) VALUES ('83', '138', '138', 'Ab amet perferendis quis ipsum sed laboriosam quam. Sit culpa et odio est aut. Eos qui ipsam laborum sed. Molestiae harum quia nisi at voluptatibus deserunt numquam.', '2018-02-14 01:48:06');
INSERT INTO `messages` (`id`, `from_user_id`, `to_user_id`, `body`, `created_at`) VALUES ('84', '139', '139', 'Aut reprehenderit sint debitis beatae doloribus ad. Est distinctio ea nulla neque sit tempore. Necessitatibus odio incidunt dolore reprehenderit qui beatae voluptas sed. Blanditiis nulla explicabo minima tempore.', '2016-02-22 04:09:43');
INSERT INTO `messages` (`id`, `from_user_id`, `to_user_id`, `body`, `created_at`) VALUES ('85', '141', '141', 'Quia amet qui et. Facilis harum mollitia velit et facilis dignissimos. Velit molestias provident assumenda quasi numquam.', '1991-02-20 02:15:31');
INSERT INTO `messages` (`id`, `from_user_id`, `to_user_id`, `body`, `created_at`) VALUES ('86', '144', '144', 'Quisquam et deleniti tempora delectus et et eius. Qui ducimus impedit voluptate. Eius et porro natus eveniet blanditiis eum facere. Eum eaque magnam earum architecto corporis.', '1973-10-21 15:21:40');
INSERT INTO `messages` (`id`, `from_user_id`, `to_user_id`, `body`, `created_at`) VALUES ('87', '146', '146', 'Sit architecto dolor unde ducimus. Voluptas atque impedit quia enim eaque fuga quia. Eos quia nihil consequuntur et. Atque qui recusandae sint officiis quia.', '2021-11-12 06:10:25');
INSERT INTO `messages` (`id`, `from_user_id`, `to_user_id`, `body`, `created_at`) VALUES ('88', '147', '147', 'Sit omnis quam nam voluptatem quo sunt illo in. Vitae omnis nemo rerum asperiores veritatis asperiores hic. Debitis eos sit nostrum tenetur.', '1979-05-09 04:30:23');
INSERT INTO `messages` (`id`, `from_user_id`, `to_user_id`, `body`, `created_at`) VALUES ('89', '148', '148', 'Eos temporibus et non illum corporis ad. Asperiores cumque dolorum doloremque repellat hic ex accusamus. Dolorem repellat explicabo ut pariatur voluptas commodi illum. Facere sunt totam eum voluptas est accusamus.', '2010-12-31 06:20:51');
INSERT INTO `messages` (`id`, `from_user_id`, `to_user_id`, `body`, `created_at`) VALUES ('90', '149', '149', 'Consequatur odio qui voluptatem. Et inventore dolores deserunt aut. Et quia ut quia nulla. Ut qui voluptatem quidem ut nobis.', '1989-05-17 05:30:32');
INSERT INTO `messages` (`id`, `from_user_id`, `to_user_id`, `body`, `created_at`) VALUES ('91', '151', '151', 'Nesciunt ea ullam consequatur. Non amet quaerat illum vel neque nulla dolorem non. Magnam at molestiae omnis nisi beatae recusandae maxime.', '2000-11-19 02:13:48');
INSERT INTO `messages` (`id`, `from_user_id`, `to_user_id`, `body`, `created_at`) VALUES ('92', '154', '154', 'Laudantium quasi quis debitis ea adipisci veritatis quo. Fugiat ex tempora voluptatem eius ut sunt. Saepe nesciunt accusamus impedit mollitia dolorum.', '2015-04-22 23:17:37');
INSERT INTO `messages` (`id`, `from_user_id`, `to_user_id`, `body`, `created_at`) VALUES ('93', '155', '155', 'Beatae deleniti et et eius accusamus voluptatem rerum. Non qui non voluptatem itaque distinctio id. Quia et laudantium nisi rerum aliquam accusamus accusamus.', '1995-03-23 05:46:58');
INSERT INTO `messages` (`id`, `from_user_id`, `to_user_id`, `body`, `created_at`) VALUES ('94', '157', '157', 'Non ut aut aut ratione voluptatem debitis. Rem sunt sit harum officiis illo ut est. In quibusdam sed repellat.', '2020-07-21 03:38:52');
INSERT INTO `messages` (`id`, `from_user_id`, `to_user_id`, `body`, `created_at`) VALUES ('95', '158', '158', 'Sit deleniti consequuntur sed provident reprehenderit repellat. Ut magnam aut voluptates praesentium consequuntur doloremque. Dolor et quod voluptas officiis.', '1999-07-23 10:55:12');
INSERT INTO `messages` (`id`, `from_user_id`, `to_user_id`, `body`, `created_at`) VALUES ('96', '159', '159', 'In est doloribus veritatis est unde. Voluptatem voluptate blanditiis rerum neque cupiditate quia deleniti. Temporibus dolorum consequatur optio ipsum voluptate omnis facere.', '1987-06-26 16:57:19');
INSERT INTO `messages` (`id`, `from_user_id`, `to_user_id`, `body`, `created_at`) VALUES ('97', '161', '161', 'Voluptas molestiae qui et id. Non tempora doloribus minima itaque. Eum id repellendus sunt deserunt.', '2009-10-13 06:30:55');
INSERT INTO `messages` (`id`, `from_user_id`, `to_user_id`, `body`, `created_at`) VALUES ('98', '163', '163', 'Quos non in qui. Fugiat optio ullam consequatur ut recusandae impedit. Rem amet ratione voluptas tenetur mollitia eligendi fugiat non. Saepe omnis architecto explicabo sed sequi dolorem voluptatem nemo. Culpa omnis sit cumque sint voluptatem ratione.', '1977-12-04 23:14:37');
INSERT INTO `messages` (`id`, `from_user_id`, `to_user_id`, `body`, `created_at`) VALUES ('99', '164', '164', 'Id qui in aut dignissimos et ut qui. Nihil porro minima dolor sed vel enim. Dolorem esse neque non placeat odio fuga. Aut reprehenderit quibusdam illum quia et.', '1997-12-08 13:51:30');
INSERT INTO `messages` (`id`, `from_user_id`, `to_user_id`, `body`, `created_at`) VALUES ('100', '165', '165', 'Voluptatibus similique in facilis quasi enim. Ut ut ullam eum odit labore nemo. Deserunt fuga ut illum tempora est ad.', '2009-07-02 12:25:28');


#
# TABLE STRUCTURE FOR: photo_albums
#

DROP TABLE IF EXISTS `photo_albums`;

CREATE TABLE `photo_albums` (
  `id` bigint(20) unsigned NOT NULL AUTO_INCREMENT,
  `name` varchar(255) COLLATE utf8mb4_unicode_ci DEFAULT NULL,
  `user_id` bigint(20) unsigned DEFAULT NULL,
  PRIMARY KEY (`id`),
  UNIQUE KEY `id` (`id`),
  KEY `user_id` (`user_id`),
  CONSTRAINT `photo_albums_ibfk_1` FOREIGN KEY (`user_id`) REFERENCES `users` (`id`)
) ENGINE=InnoDB AUTO_INCREMENT=101 DEFAULT CHARSET=utf8mb4 COLLATE=utf8mb4_unicode_ci;

INSERT INTO `photo_albums` (`id`, `name`, `user_id`) VALUES ('1', 'qui', '101');
INSERT INTO `photo_albums` (`id`, `name`, `user_id`) VALUES ('2', 'vel', '102');
INSERT INTO `photo_albums` (`id`, `name`, `user_id`) VALUES ('3', 'sit', '103');
INSERT INTO `photo_albums` (`id`, `name`, `user_id`) VALUES ('4', 'quo', '105');
INSERT INTO `photo_albums` (`id`, `name`, `user_id`) VALUES ('5', 'dicta', '106');
INSERT INTO `photo_albums` (`id`, `name`, `user_id`) VALUES ('6', 'saepe', '109');
INSERT INTO `photo_albums` (`id`, `name`, `user_id`) VALUES ('7', 'aut', '110');
INSERT INTO `photo_albums` (`id`, `name`, `user_id`) VALUES ('8', 'et', '112');
INSERT INTO `photo_albums` (`id`, `name`, `user_id`) VALUES ('9', 'illo', '113');
INSERT INTO `photo_albums` (`id`, `name`, `user_id`) VALUES ('10', 'at', '114');
INSERT INTO `photo_albums` (`id`, `name`, `user_id`) VALUES ('11', 'iusto', '118');
INSERT INTO `photo_albums` (`id`, `name`, `user_id`) VALUES ('12', 'assumenda', '120');
INSERT INTO `photo_albums` (`id`, `name`, `user_id`) VALUES ('13', 'excepturi', '121');
INSERT INTO `photo_albums` (`id`, `name`, `user_id`) VALUES ('14', 'quo', '123');
INSERT INTO `photo_albums` (`id`, `name`, `user_id`) VALUES ('15', 'sit', '125');
INSERT INTO `photo_albums` (`id`, `name`, `user_id`) VALUES ('16', 'enim', '126');
INSERT INTO `photo_albums` (`id`, `name`, `user_id`) VALUES ('17', 'soluta', '127');
INSERT INTO `photo_albums` (`id`, `name`, `user_id`) VALUES ('18', 'vitae', '128');
INSERT INTO `photo_albums` (`id`, `name`, `user_id`) VALUES ('19', 'et', '131');
INSERT INTO `photo_albums` (`id`, `name`, `user_id`) VALUES ('20', 'dicta', '132');
INSERT INTO `photo_albums` (`id`, `name`, `user_id`) VALUES ('21', 'aut', '133');
INSERT INTO `photo_albums` (`id`, `name`, `user_id`) VALUES ('22', 'a', '135');
INSERT INTO `photo_albums` (`id`, `name`, `user_id`) VALUES ('23', 'aliquid', '137');
INSERT INTO `photo_albums` (`id`, `name`, `user_id`) VALUES ('24', 'qui', '138');
INSERT INTO `photo_albums` (`id`, `name`, `user_id`) VALUES ('25', 'necessitatibus', '139');
INSERT INTO `photo_albums` (`id`, `name`, `user_id`) VALUES ('26', 'cumque', '141');
INSERT INTO `photo_albums` (`id`, `name`, `user_id`) VALUES ('27', 'corporis', '144');
INSERT INTO `photo_albums` (`id`, `name`, `user_id`) VALUES ('28', 'molestiae', '146');
INSERT INTO `photo_albums` (`id`, `name`, `user_id`) VALUES ('29', 'alias', '147');
INSERT INTO `photo_albums` (`id`, `name`, `user_id`) VALUES ('30', 'assumenda', '148');
INSERT INTO `photo_albums` (`id`, `name`, `user_id`) VALUES ('31', 'fuga', '149');
INSERT INTO `photo_albums` (`id`, `name`, `user_id`) VALUES ('32', 'quibusdam', '151');
INSERT INTO `photo_albums` (`id`, `name`, `user_id`) VALUES ('33', 'commodi', '154');
INSERT INTO `photo_albums` (`id`, `name`, `user_id`) VALUES ('34', 'autem', '155');
INSERT INTO `photo_albums` (`id`, `name`, `user_id`) VALUES ('35', 'quo', '157');
INSERT INTO `photo_albums` (`id`, `name`, `user_id`) VALUES ('36', 'perspiciatis', '158');
INSERT INTO `photo_albums` (`id`, `name`, `user_id`) VALUES ('37', 'expedita', '159');
INSERT INTO `photo_albums` (`id`, `name`, `user_id`) VALUES ('38', 'fugiat', '161');
INSERT INTO `photo_albums` (`id`, `name`, `user_id`) VALUES ('39', 'ut', '163');
INSERT INTO `photo_albums` (`id`, `name`, `user_id`) VALUES ('40', 'quis', '164');
INSERT INTO `photo_albums` (`id`, `name`, `user_id`) VALUES ('41', 'nam', '165');
INSERT INTO `photo_albums` (`id`, `name`, `user_id`) VALUES ('42', 'doloribus', '166');
INSERT INTO `photo_albums` (`id`, `name`, `user_id`) VALUES ('43', 'atque', '167');
INSERT INTO `photo_albums` (`id`, `name`, `user_id`) VALUES ('44', 'eos', '170');
INSERT INTO `photo_albums` (`id`, `name`, `user_id`) VALUES ('45', 'velit', '171');
INSERT INTO `photo_albums` (`id`, `name`, `user_id`) VALUES ('46', 'culpa', '172');
INSERT INTO `photo_albums` (`id`, `name`, `user_id`) VALUES ('47', 'voluptatibus', '173');
INSERT INTO `photo_albums` (`id`, `name`, `user_id`) VALUES ('48', 'rerum', '175');
INSERT INTO `photo_albums` (`id`, `name`, `user_id`) VALUES ('49', 'harum', '176');
INSERT INTO `photo_albums` (`id`, `name`, `user_id`) VALUES ('50', 'atque', '180');
INSERT INTO `photo_albums` (`id`, `name`, `user_id`) VALUES ('51', 'optio', '182');
INSERT INTO `photo_albums` (`id`, `name`, `user_id`) VALUES ('52', 'natus', '183');
INSERT INTO `photo_albums` (`id`, `name`, `user_id`) VALUES ('53', 'est', '184');
INSERT INTO `photo_albums` (`id`, `name`, `user_id`) VALUES ('54', 'et', '185');
INSERT INTO `photo_albums` (`id`, `name`, `user_id`) VALUES ('55', 'minus', '192');
INSERT INTO `photo_albums` (`id`, `name`, `user_id`) VALUES ('56', 'cum', '193');
INSERT INTO `photo_albums` (`id`, `name`, `user_id`) VALUES ('57', 'qui', '194');
INSERT INTO `photo_albums` (`id`, `name`, `user_id`) VALUES ('58', 'dicta', '199');
INSERT INTO `photo_albums` (`id`, `name`, `user_id`) VALUES ('59', 'voluptatem', '200');
INSERT INTO `photo_albums` (`id`, `name`, `user_id`) VALUES ('60', 'repellendus', '101');
INSERT INTO `photo_albums` (`id`, `name`, `user_id`) VALUES ('61', 'voluptas', '102');
INSERT INTO `photo_albums` (`id`, `name`, `user_id`) VALUES ('62', 'labore', '103');
INSERT INTO `photo_albums` (`id`, `name`, `user_id`) VALUES ('63', 'modi', '105');
INSERT INTO `photo_albums` (`id`, `name`, `user_id`) VALUES ('64', 'asperiores', '106');
INSERT INTO `photo_albums` (`id`, `name`, `user_id`) VALUES ('65', 'voluptatem', '109');
INSERT INTO `photo_albums` (`id`, `name`, `user_id`) VALUES ('66', 'et', '110');
INSERT INTO `photo_albums` (`id`, `name`, `user_id`) VALUES ('67', 'labore', '112');
INSERT INTO `photo_albums` (`id`, `name`, `user_id`) VALUES ('68', 'autem', '113');
INSERT INTO `photo_albums` (`id`, `name`, `user_id`) VALUES ('69', 'optio', '114');
INSERT INTO `photo_albums` (`id`, `name`, `user_id`) VALUES ('70', 'numquam', '118');
INSERT INTO `photo_albums` (`id`, `name`, `user_id`) VALUES ('71', 'aut', '120');
INSERT INTO `photo_albums` (`id`, `name`, `user_id`) VALUES ('72', 'rerum', '121');
INSERT INTO `photo_albums` (`id`, `name`, `user_id`) VALUES ('73', 'suscipit', '123');
INSERT INTO `photo_albums` (`id`, `name`, `user_id`) VALUES ('74', 'quam', '125');
INSERT INTO `photo_albums` (`id`, `name`, `user_id`) VALUES ('75', 'consequatur', '126');
INSERT INTO `photo_albums` (`id`, `name`, `user_id`) VALUES ('76', 'dolorem', '127');
INSERT INTO `photo_albums` (`id`, `name`, `user_id`) VALUES ('77', 'incidunt', '128');
INSERT INTO `photo_albums` (`id`, `name`, `user_id`) VALUES ('78', 'cupiditate', '131');
INSERT INTO `photo_albums` (`id`, `name`, `user_id`) VALUES ('79', 'ipsam', '132');
INSERT INTO `photo_albums` (`id`, `name`, `user_id`) VALUES ('80', 'aut', '133');
INSERT INTO `photo_albums` (`id`, `name`, `user_id`) VALUES ('81', 'animi', '135');
INSERT INTO `photo_albums` (`id`, `name`, `user_id`) VALUES ('82', 'quod', '137');
INSERT INTO `photo_albums` (`id`, `name`, `user_id`) VALUES ('83', 'sint', '138');
INSERT INTO `photo_albums` (`id`, `name`, `user_id`) VALUES ('84', 'quaerat', '139');
INSERT INTO `photo_albums` (`id`, `name`, `user_id`) VALUES ('85', 'voluptates', '141');
INSERT INTO `photo_albums` (`id`, `name`, `user_id`) VALUES ('86', 'mollitia', '144');
INSERT INTO `photo_albums` (`id`, `name`, `user_id`) VALUES ('87', 'optio', '146');
INSERT INTO `photo_albums` (`id`, `name`, `user_id`) VALUES ('88', 'nam', '147');
INSERT INTO `photo_albums` (`id`, `name`, `user_id`) VALUES ('89', 'nulla', '148');
INSERT INTO `photo_albums` (`id`, `name`, `user_id`) VALUES ('90', 'sed', '149');
INSERT INTO `photo_albums` (`id`, `name`, `user_id`) VALUES ('91', 'molestiae', '151');
INSERT INTO `photo_albums` (`id`, `name`, `user_id`) VALUES ('92', 'voluptas', '154');
INSERT INTO `photo_albums` (`id`, `name`, `user_id`) VALUES ('93', 'eligendi', '155');
INSERT INTO `photo_albums` (`id`, `name`, `user_id`) VALUES ('94', 'est', '157');
INSERT INTO `photo_albums` (`id`, `name`, `user_id`) VALUES ('95', 'atque', '158');
INSERT INTO `photo_albums` (`id`, `name`, `user_id`) VALUES ('96', 'placeat', '159');
INSERT INTO `photo_albums` (`id`, `name`, `user_id`) VALUES ('97', 'dicta', '161');
INSERT INTO `photo_albums` (`id`, `name`, `user_id`) VALUES ('98', 'molestiae', '163');
INSERT INTO `photo_albums` (`id`, `name`, `user_id`) VALUES ('99', 'unde', '164');
INSERT INTO `photo_albums` (`id`, `name`, `user_id`) VALUES ('100', 'sapiente', '165');


#
# TABLE STRUCTURE FOR: photos
#

DROP TABLE IF EXISTS `photos`;

CREATE TABLE `photos` (
  `id` bigint(20) unsigned NOT NULL AUTO_INCREMENT,
  `album_id` bigint(20) unsigned DEFAULT NULL,
  `media_id` bigint(20) unsigned NOT NULL,
  UNIQUE KEY `id` (`id`),
  KEY `album_id` (`album_id`),
  KEY `media_id` (`media_id`),
  CONSTRAINT `photos_ibfk_1` FOREIGN KEY (`album_id`) REFERENCES `photo_albums` (`id`),
  CONSTRAINT `photos_ibfk_2` FOREIGN KEY (`media_id`) REFERENCES `media` (`id`)
) ENGINE=InnoDB AUTO_INCREMENT=101 DEFAULT CHARSET=utf8mb4 COLLATE=utf8mb4_unicode_ci;

INSERT INTO `photos` (`id`, `album_id`, `media_id`) VALUES ('1', '1', '1');
INSERT INTO `photos` (`id`, `album_id`, `media_id`) VALUES ('2', '2', '2');
INSERT INTO `photos` (`id`, `album_id`, `media_id`) VALUES ('3', '3', '3');
INSERT INTO `photos` (`id`, `album_id`, `media_id`) VALUES ('4', '4', '4');
INSERT INTO `photos` (`id`, `album_id`, `media_id`) VALUES ('5', '5', '5');
INSERT INTO `photos` (`id`, `album_id`, `media_id`) VALUES ('6', '6', '6');
INSERT INTO `photos` (`id`, `album_id`, `media_id`) VALUES ('7', '7', '7');
INSERT INTO `photos` (`id`, `album_id`, `media_id`) VALUES ('8', '8', '8');
INSERT INTO `photos` (`id`, `album_id`, `media_id`) VALUES ('9', '9', '9');
INSERT INTO `photos` (`id`, `album_id`, `media_id`) VALUES ('10', '10', '10');
INSERT INTO `photos` (`id`, `album_id`, `media_id`) VALUES ('11', '11', '11');
INSERT INTO `photos` (`id`, `album_id`, `media_id`) VALUES ('12', '12', '12');
INSERT INTO `photos` (`id`, `album_id`, `media_id`) VALUES ('13', '13', '13');
INSERT INTO `photos` (`id`, `album_id`, `media_id`) VALUES ('14', '14', '14');
INSERT INTO `photos` (`id`, `album_id`, `media_id`) VALUES ('15', '15', '15');
INSERT INTO `photos` (`id`, `album_id`, `media_id`) VALUES ('16', '16', '16');
INSERT INTO `photos` (`id`, `album_id`, `media_id`) VALUES ('17', '17', '17');
INSERT INTO `photos` (`id`, `album_id`, `media_id`) VALUES ('18', '18', '18');
INSERT INTO `photos` (`id`, `album_id`, `media_id`) VALUES ('19', '19', '19');
INSERT INTO `photos` (`id`, `album_id`, `media_id`) VALUES ('20', '20', '20');
INSERT INTO `photos` (`id`, `album_id`, `media_id`) VALUES ('21', '21', '21');
INSERT INTO `photos` (`id`, `album_id`, `media_id`) VALUES ('22', '22', '22');
INSERT INTO `photos` (`id`, `album_id`, `media_id`) VALUES ('23', '23', '23');
INSERT INTO `photos` (`id`, `album_id`, `media_id`) VALUES ('24', '24', '24');
INSERT INTO `photos` (`id`, `album_id`, `media_id`) VALUES ('25', '25', '25');
INSERT INTO `photos` (`id`, `album_id`, `media_id`) VALUES ('26', '26', '26');
INSERT INTO `photos` (`id`, `album_id`, `media_id`) VALUES ('27', '27', '27');
INSERT INTO `photos` (`id`, `album_id`, `media_id`) VALUES ('28', '28', '28');
INSERT INTO `photos` (`id`, `album_id`, `media_id`) VALUES ('29', '29', '29');
INSERT INTO `photos` (`id`, `album_id`, `media_id`) VALUES ('30', '30', '30');
INSERT INTO `photos` (`id`, `album_id`, `media_id`) VALUES ('31', '31', '31');
INSERT INTO `photos` (`id`, `album_id`, `media_id`) VALUES ('32', '32', '32');
INSERT INTO `photos` (`id`, `album_id`, `media_id`) VALUES ('33', '33', '33');
INSERT INTO `photos` (`id`, `album_id`, `media_id`) VALUES ('34', '34', '34');
INSERT INTO `photos` (`id`, `album_id`, `media_id`) VALUES ('35', '35', '35');
INSERT INTO `photos` (`id`, `album_id`, `media_id`) VALUES ('36', '36', '36');
INSERT INTO `photos` (`id`, `album_id`, `media_id`) VALUES ('37', '37', '37');
INSERT INTO `photos` (`id`, `album_id`, `media_id`) VALUES ('38', '38', '38');
INSERT INTO `photos` (`id`, `album_id`, `media_id`) VALUES ('39', '39', '39');
INSERT INTO `photos` (`id`, `album_id`, `media_id`) VALUES ('40', '40', '40');
INSERT INTO `photos` (`id`, `album_id`, `media_id`) VALUES ('41', '41', '41');
INSERT INTO `photos` (`id`, `album_id`, `media_id`) VALUES ('42', '42', '42');
INSERT INTO `photos` (`id`, `album_id`, `media_id`) VALUES ('43', '43', '43');
INSERT INTO `photos` (`id`, `album_id`, `media_id`) VALUES ('44', '44', '44');
INSERT INTO `photos` (`id`, `album_id`, `media_id`) VALUES ('45', '45', '45');
INSERT INTO `photos` (`id`, `album_id`, `media_id`) VALUES ('46', '46', '46');
INSERT INTO `photos` (`id`, `album_id`, `media_id`) VALUES ('47', '47', '47');
INSERT INTO `photos` (`id`, `album_id`, `media_id`) VALUES ('48', '48', '48');
INSERT INTO `photos` (`id`, `album_id`, `media_id`) VALUES ('49', '49', '49');
INSERT INTO `photos` (`id`, `album_id`, `media_id`) VALUES ('50', '50', '50');
INSERT INTO `photos` (`id`, `album_id`, `media_id`) VALUES ('51', '51', '51');
INSERT INTO `photos` (`id`, `album_id`, `media_id`) VALUES ('52', '52', '52');
INSERT INTO `photos` (`id`, `album_id`, `media_id`) VALUES ('53', '53', '53');
INSERT INTO `photos` (`id`, `album_id`, `media_id`) VALUES ('54', '54', '54');
INSERT INTO `photos` (`id`, `album_id`, `media_id`) VALUES ('55', '55', '55');
INSERT INTO `photos` (`id`, `album_id`, `media_id`) VALUES ('56', '56', '56');
INSERT INTO `photos` (`id`, `album_id`, `media_id`) VALUES ('57', '57', '57');
INSERT INTO `photos` (`id`, `album_id`, `media_id`) VALUES ('58', '58', '58');
INSERT INTO `photos` (`id`, `album_id`, `media_id`) VALUES ('59', '59', '59');
INSERT INTO `photos` (`id`, `album_id`, `media_id`) VALUES ('60', '60', '60');
INSERT INTO `photos` (`id`, `album_id`, `media_id`) VALUES ('61', '61', '61');
INSERT INTO `photos` (`id`, `album_id`, `media_id`) VALUES ('62', '62', '62');
INSERT INTO `photos` (`id`, `album_id`, `media_id`) VALUES ('63', '63', '63');
INSERT INTO `photos` (`id`, `album_id`, `media_id`) VALUES ('64', '64', '64');
INSERT INTO `photos` (`id`, `album_id`, `media_id`) VALUES ('65', '65', '65');
INSERT INTO `photos` (`id`, `album_id`, `media_id`) VALUES ('66', '66', '66');
INSERT INTO `photos` (`id`, `album_id`, `media_id`) VALUES ('67', '67', '67');
INSERT INTO `photos` (`id`, `album_id`, `media_id`) VALUES ('68', '68', '68');
INSERT INTO `photos` (`id`, `album_id`, `media_id`) VALUES ('69', '69', '69');
INSERT INTO `photos` (`id`, `album_id`, `media_id`) VALUES ('70', '70', '70');
INSERT INTO `photos` (`id`, `album_id`, `media_id`) VALUES ('71', '71', '71');
INSERT INTO `photos` (`id`, `album_id`, `media_id`) VALUES ('72', '72', '72');
INSERT INTO `photos` (`id`, `album_id`, `media_id`) VALUES ('73', '73', '73');
INSERT INTO `photos` (`id`, `album_id`, `media_id`) VALUES ('74', '74', '74');
INSERT INTO `photos` (`id`, `album_id`, `media_id`) VALUES ('75', '75', '75');
INSERT INTO `photos` (`id`, `album_id`, `media_id`) VALUES ('76', '76', '76');
INSERT INTO `photos` (`id`, `album_id`, `media_id`) VALUES ('77', '77', '77');
INSERT INTO `photos` (`id`, `album_id`, `media_id`) VALUES ('78', '78', '78');
INSERT INTO `photos` (`id`, `album_id`, `media_id`) VALUES ('79', '79', '79');
INSERT INTO `photos` (`id`, `album_id`, `media_id`) VALUES ('80', '80', '80');
INSERT INTO `photos` (`id`, `album_id`, `media_id`) VALUES ('81', '81', '81');
INSERT INTO `photos` (`id`, `album_id`, `media_id`) VALUES ('82', '82', '82');
INSERT INTO `photos` (`id`, `album_id`, `media_id`) VALUES ('83', '83', '83');
INSERT INTO `photos` (`id`, `album_id`, `media_id`) VALUES ('84', '84', '84');
INSERT INTO `photos` (`id`, `album_id`, `media_id`) VALUES ('85', '85', '85');
INSERT INTO `photos` (`id`, `album_id`, `media_id`) VALUES ('86', '86', '86');
INSERT INTO `photos` (`id`, `album_id`, `media_id`) VALUES ('87', '87', '87');
INSERT INTO `photos` (`id`, `album_id`, `media_id`) VALUES ('88', '88', '88');
INSERT INTO `photos` (`id`, `album_id`, `media_id`) VALUES ('89', '89', '89');
INSERT INTO `photos` (`id`, `album_id`, `media_id`) VALUES ('90', '90', '90');
INSERT INTO `photos` (`id`, `album_id`, `media_id`) VALUES ('91', '91', '91');
INSERT INTO `photos` (`id`, `album_id`, `media_id`) VALUES ('92', '92', '92');
INSERT INTO `photos` (`id`, `album_id`, `media_id`) VALUES ('93', '93', '93');
INSERT INTO `photos` (`id`, `album_id`, `media_id`) VALUES ('94', '94', '94');
INSERT INTO `photos` (`id`, `album_id`, `media_id`) VALUES ('95', '95', '95');
INSERT INTO `photos` (`id`, `album_id`, `media_id`) VALUES ('96', '96', '96');
INSERT INTO `photos` (`id`, `album_id`, `media_id`) VALUES ('97', '97', '97');
INSERT INTO `photos` (`id`, `album_id`, `media_id`) VALUES ('98', '98', '98');
INSERT INTO `photos` (`id`, `album_id`, `media_id`) VALUES ('99', '99', '99');
INSERT INTO `photos` (`id`, `album_id`, `media_id`) VALUES ('100', '100', '100');


#
# TABLE STRUCTURE FOR: profiles
#

DROP TABLE IF EXISTS `profiles`;

CREATE TABLE `profiles` (
  `user_id` bigint(20) unsigned NOT NULL,
  `gender` char(1) COLLATE utf8mb4_unicode_ci DEFAULT NULL,
  `birthday` date DEFAULT NULL,
  `photo_id` bigint(20) unsigned NOT NULL,
  `created_at` datetime DEFAULT current_timestamp(),
  `hometown` varchar(100) COLLATE utf8mb4_unicode_ci DEFAULT NULL,
  UNIQUE KEY `user_id` (`user_id`),
  CONSTRAINT `fk_user_id` FOREIGN KEY (`user_id`) REFERENCES `users` (`id`) ON DELETE NO ACTION ON UPDATE CASCADE
) ENGINE=InnoDB DEFAULT CHARSET=utf8mb4 COLLATE=utf8mb4_unicode_ci;

INSERT INTO `profiles` (`user_id`, `gender`, `birthday`, `photo_id`, `created_at`, `hometown`) VALUES ('101', '\"', '2004-01-30', '1', '1983-12-22 23:42:09', NULL);
INSERT INTO `profiles` (`user_id`, `gender`, `birthday`, `photo_id`, `created_at`, `hometown`) VALUES ('102', '\"', '1978-04-02', '2', '2002-09-11 19:21:39', NULL);
INSERT INTO `profiles` (`user_id`, `gender`, `birthday`, `photo_id`, `created_at`, `hometown`) VALUES ('103', '\"', '2011-05-24', '3', '2016-01-11 08:57:23', NULL);
INSERT INTO `profiles` (`user_id`, `gender`, `birthday`, `photo_id`, `created_at`, `hometown`) VALUES ('105', '\"', '2015-05-14', '4', '1992-08-11 18:38:24', NULL);
INSERT INTO `profiles` (`user_id`, `gender`, `birthday`, `photo_id`, `created_at`, `hometown`) VALUES ('106', '\"', '2013-09-28', '5', '1994-06-19 15:18:20', NULL);
INSERT INTO `profiles` (`user_id`, `gender`, `birthday`, `photo_id`, `created_at`, `hometown`) VALUES ('109', '\"', '2014-04-26', '6', '1975-11-12 22:44:03', NULL);
INSERT INTO `profiles` (`user_id`, `gender`, `birthday`, `photo_id`, `created_at`, `hometown`) VALUES ('110', '\"', '2006-03-27', '7', '2011-05-08 14:04:33', NULL);
INSERT INTO `profiles` (`user_id`, `gender`, `birthday`, `photo_id`, `created_at`, `hometown`) VALUES ('112', '\"', '2019-01-24', '8', '1999-02-27 23:53:12', NULL);
INSERT INTO `profiles` (`user_id`, `gender`, `birthday`, `photo_id`, `created_at`, `hometown`) VALUES ('113', '\"', '2010-09-03', '9', '1972-11-11 06:51:35', NULL);
INSERT INTO `profiles` (`user_id`, `gender`, `birthday`, `photo_id`, `created_at`, `hometown`) VALUES ('114', '\"', '2010-04-17', '10', '1979-03-13 20:29:39', NULL);
INSERT INTO `profiles` (`user_id`, `gender`, `birthday`, `photo_id`, `created_at`, `hometown`) VALUES ('118', '\"', '2004-09-02', '11', '1998-02-19 07:05:59', NULL);
INSERT INTO `profiles` (`user_id`, `gender`, `birthday`, `photo_id`, `created_at`, `hometown`) VALUES ('120', '\"', '1982-03-31', '12', '2016-05-09 20:31:59', NULL);
INSERT INTO `profiles` (`user_id`, `gender`, `birthday`, `photo_id`, `created_at`, `hometown`) VALUES ('121', '\"', '2021-05-04', '13', '2003-10-06 17:19:03', NULL);
INSERT INTO `profiles` (`user_id`, `gender`, `birthday`, `photo_id`, `created_at`, `hometown`) VALUES ('123', '\"', '2017-01-11', '14', '2013-02-24 01:11:51', NULL);
INSERT INTO `profiles` (`user_id`, `gender`, `birthday`, `photo_id`, `created_at`, `hometown`) VALUES ('125', '\"', '2007-03-11', '15', '2015-12-11 00:07:22', NULL);
INSERT INTO `profiles` (`user_id`, `gender`, `birthday`, `photo_id`, `created_at`, `hometown`) VALUES ('126', '\"', '2001-04-28', '16', '2008-11-22 23:54:41', NULL);
INSERT INTO `profiles` (`user_id`, `gender`, `birthday`, `photo_id`, `created_at`, `hometown`) VALUES ('127', '\"', '1971-05-15', '17', '1984-01-11 17:20:33', NULL);
INSERT INTO `profiles` (`user_id`, `gender`, `birthday`, `photo_id`, `created_at`, `hometown`) VALUES ('128', '\"', '1992-08-17', '18', '1993-04-24 20:01:26', NULL);
INSERT INTO `profiles` (`user_id`, `gender`, `birthday`, `photo_id`, `created_at`, `hometown`) VALUES ('131', '\"', '1972-05-01', '19', '2020-08-18 17:52:49', NULL);
INSERT INTO `profiles` (`user_id`, `gender`, `birthday`, `photo_id`, `created_at`, `hometown`) VALUES ('132', '\"', '1970-06-08', '20', '1996-04-04 14:16:24', NULL);
INSERT INTO `profiles` (`user_id`, `gender`, `birthday`, `photo_id`, `created_at`, `hometown`) VALUES ('133', '\"', '1971-12-04', '21', '2007-04-23 21:48:52', NULL);
INSERT INTO `profiles` (`user_id`, `gender`, `birthday`, `photo_id`, `created_at`, `hometown`) VALUES ('135', '\"', '2018-02-02', '22', '2012-04-26 18:29:28', NULL);
INSERT INTO `profiles` (`user_id`, `gender`, `birthday`, `photo_id`, `created_at`, `hometown`) VALUES ('137', '\"', '2015-04-14', '23', '2017-03-22 13:45:51', NULL);
INSERT INTO `profiles` (`user_id`, `gender`, `birthday`, `photo_id`, `created_at`, `hometown`) VALUES ('138', '\"', '2018-02-17', '24', '2019-05-15 21:34:30', NULL);
INSERT INTO `profiles` (`user_id`, `gender`, `birthday`, `photo_id`, `created_at`, `hometown`) VALUES ('139', '\"', '1982-09-16', '25', '1996-06-06 05:55:29', NULL);
INSERT INTO `profiles` (`user_id`, `gender`, `birthday`, `photo_id`, `created_at`, `hometown`) VALUES ('141', '\"', '2021-05-20', '26', '1978-12-18 07:18:56', NULL);
INSERT INTO `profiles` (`user_id`, `gender`, `birthday`, `photo_id`, `created_at`, `hometown`) VALUES ('144', '\"', '2006-01-07', '27', '2009-07-27 11:09:10', NULL);
INSERT INTO `profiles` (`user_id`, `gender`, `birthday`, `photo_id`, `created_at`, `hometown`) VALUES ('146', '\"', '1985-11-05', '28', '1986-12-29 07:20:06', NULL);
INSERT INTO `profiles` (`user_id`, `gender`, `birthday`, `photo_id`, `created_at`, `hometown`) VALUES ('147', '\"', '1981-03-23', '29', '1974-10-19 03:24:00', NULL);
INSERT INTO `profiles` (`user_id`, `gender`, `birthday`, `photo_id`, `created_at`, `hometown`) VALUES ('148', '\"', '1993-09-05', '30', '2009-07-29 02:21:57', NULL);
INSERT INTO `profiles` (`user_id`, `gender`, `birthday`, `photo_id`, `created_at`, `hometown`) VALUES ('149', '\"', '2019-09-10', '31', '1977-12-07 16:54:53', NULL);
INSERT INTO `profiles` (`user_id`, `gender`, `birthday`, `photo_id`, `created_at`, `hometown`) VALUES ('151', '\"', '1992-03-30', '32', '1989-10-28 14:01:09', NULL);
INSERT INTO `profiles` (`user_id`, `gender`, `birthday`, `photo_id`, `created_at`, `hometown`) VALUES ('154', '\"', '1974-04-25', '33', '2021-07-30 21:59:34', NULL);
INSERT INTO `profiles` (`user_id`, `gender`, `birthday`, `photo_id`, `created_at`, `hometown`) VALUES ('155', '\"', '1991-04-08', '34', '1971-06-30 04:22:46', NULL);
INSERT INTO `profiles` (`user_id`, `gender`, `birthday`, `photo_id`, `created_at`, `hometown`) VALUES ('157', '\"', '1978-03-12', '35', '1974-11-05 05:25:59', NULL);
INSERT INTO `profiles` (`user_id`, `gender`, `birthday`, `photo_id`, `created_at`, `hometown`) VALUES ('158', '\"', '1987-12-06', '36', '2006-08-07 20:24:05', NULL);
INSERT INTO `profiles` (`user_id`, `gender`, `birthday`, `photo_id`, `created_at`, `hometown`) VALUES ('159', '\"', '1996-11-28', '37', '2004-01-13 17:54:35', NULL);
INSERT INTO `profiles` (`user_id`, `gender`, `birthday`, `photo_id`, `created_at`, `hometown`) VALUES ('161', '\"', '1970-05-18', '38', '1985-10-12 00:45:38', NULL);
INSERT INTO `profiles` (`user_id`, `gender`, `birthday`, `photo_id`, `created_at`, `hometown`) VALUES ('163', '\"', '2016-03-27', '39', '2000-04-11 19:48:55', NULL);
INSERT INTO `profiles` (`user_id`, `gender`, `birthday`, `photo_id`, `created_at`, `hometown`) VALUES ('164', '\"', '2001-12-08', '40', '1984-04-19 12:55:02', NULL);
INSERT INTO `profiles` (`user_id`, `gender`, `birthday`, `photo_id`, `created_at`, `hometown`) VALUES ('165', '\"', '1985-10-01', '41', '1988-06-27 17:17:14', NULL);
INSERT INTO `profiles` (`user_id`, `gender`, `birthday`, `photo_id`, `created_at`, `hometown`) VALUES ('166', '\"', '2000-06-30', '42', '2000-10-27 10:29:49', NULL);
INSERT INTO `profiles` (`user_id`, `gender`, `birthday`, `photo_id`, `created_at`, `hometown`) VALUES ('167', '\"', '2004-02-02', '43', '1981-02-15 06:12:35', NULL);
INSERT INTO `profiles` (`user_id`, `gender`, `birthday`, `photo_id`, `created_at`, `hometown`) VALUES ('170', '\"', '1974-10-04', '44', '1990-10-23 18:10:13', NULL);
INSERT INTO `profiles` (`user_id`, `gender`, `birthday`, `photo_id`, `created_at`, `hometown`) VALUES ('171', '\"', '2016-05-06', '45', '1979-03-13 12:37:19', NULL);
INSERT INTO `profiles` (`user_id`, `gender`, `birthday`, `photo_id`, `created_at`, `hometown`) VALUES ('172', '\"', '1991-05-16', '46', '1996-11-19 06:04:15', NULL);
INSERT INTO `profiles` (`user_id`, `gender`, `birthday`, `photo_id`, `created_at`, `hometown`) VALUES ('173', '\"', '2016-09-27', '47', '2020-08-09 00:50:36', NULL);
INSERT INTO `profiles` (`user_id`, `gender`, `birthday`, `photo_id`, `created_at`, `hometown`) VALUES ('175', '\"', '1986-10-16', '48', '1976-12-04 19:56:45', NULL);
INSERT INTO `profiles` (`user_id`, `gender`, `birthday`, `photo_id`, `created_at`, `hometown`) VALUES ('176', '\"', '1994-04-22', '49', '1985-01-14 04:40:23', NULL);
INSERT INTO `profiles` (`user_id`, `gender`, `birthday`, `photo_id`, `created_at`, `hometown`) VALUES ('180', '\"', '1977-09-11', '50', '2000-03-12 17:04:00', NULL);
INSERT INTO `profiles` (`user_id`, `gender`, `birthday`, `photo_id`, `created_at`, `hometown`) VALUES ('182', '\"', '2017-04-28', '51', '1974-10-27 06:52:04', NULL);
INSERT INTO `profiles` (`user_id`, `gender`, `birthday`, `photo_id`, `created_at`, `hometown`) VALUES ('183', '\"', '1995-09-05', '52', '2009-04-03 19:45:52', NULL);
INSERT INTO `profiles` (`user_id`, `gender`, `birthday`, `photo_id`, `created_at`, `hometown`) VALUES ('184', '\"', '1982-04-19', '53', '1985-08-02 11:00:20', NULL);
INSERT INTO `profiles` (`user_id`, `gender`, `birthday`, `photo_id`, `created_at`, `hometown`) VALUES ('185', '\"', '2004-04-06', '54', '1998-01-06 09:06:26', NULL);
INSERT INTO `profiles` (`user_id`, `gender`, `birthday`, `photo_id`, `created_at`, `hometown`) VALUES ('192', '\"', '1993-11-13', '55', '2020-10-22 02:36:08', NULL);
INSERT INTO `profiles` (`user_id`, `gender`, `birthday`, `photo_id`, `created_at`, `hometown`) VALUES ('193', '\"', '2004-01-18', '56', '1973-03-03 17:08:10', NULL);
INSERT INTO `profiles` (`user_id`, `gender`, `birthday`, `photo_id`, `created_at`, `hometown`) VALUES ('194', '\"', '1977-02-06', '57', '1970-04-04 19:15:57', NULL);
INSERT INTO `profiles` (`user_id`, `gender`, `birthday`, `photo_id`, `created_at`, `hometown`) VALUES ('199', '\"', '2013-04-24', '58', '1992-03-25 22:04:17', NULL);
INSERT INTO `profiles` (`user_id`, `gender`, `birthday`, `photo_id`, `created_at`, `hometown`) VALUES ('200', '\"', '1986-10-08', '59', '1977-02-01 06:17:35', NULL);


#
# TABLE STRUCTURE FOR: users
#

DROP TABLE IF EXISTS `users`;

CREATE TABLE `users` (
  `id` bigint(20) unsigned NOT NULL AUTO_INCREMENT,
  `firstname` varchar(50) COLLATE utf8mb4_unicode_ci DEFAULT NULL,
  `lastname` varchar(50) COLLATE utf8mb4_unicode_ci DEFAULT NULL COMMENT '',
  `email` varchar(120) COLLATE utf8mb4_unicode_ci DEFAULT NULL,
  `password_hash` varchar(100) COLLATE utf8mb4_unicode_ci DEFAULT NULL,
  `phone` bigint(20) unsigned DEFAULT NULL,
  PRIMARY KEY (`id`),
  UNIQUE KEY `email` (`email`),
  UNIQUE KEY `phone` (`phone`),
  KEY `users_firstname_lastname_idx` (`firstname`,`lastname`)
) ENGINE=InnoDB AUTO_INCREMENT=201 DEFAULT CHARSET=utf8mb4 COLLATE=utf8mb4_unicode_ci COMMENT='';

INSERT INTO `users` (`id`, `firstname`, `lastname`, `email`, `password_hash`, `phone`) VALUES ('101', 'Vince', 'Weimann', 'crooks.santos@example.com', '60020804088532db9040e68b5a09c1ff4bf0fd9a', '1');
INSERT INTO `users` (`id`, `firstname`, `lastname`, `email`, `password_hash`, `phone`) VALUES ('102', 'Carmel', 'Harber', 'berry.maggio@example.org', 'd8c6604dfd7fb18dc5e3c9252ef02312c722455b', '62');
INSERT INTO `users` (`id`, `firstname`, `lastname`, `email`, `password_hash`, `phone`) VALUES ('103', 'Harley', 'Cummings', 'geraldine.dickens@example.net', '246115f44643af5cb1f264f57e60c2bd962f4115', '0');
INSERT INTO `users` (`id`, `firstname`, `lastname`, `email`, `password_hash`, `phone`) VALUES ('105', 'Antwan', 'Luettgen', 'cole.della@example.org', 'f59641c4fbbe2c529d3f7fb945e506bb92d15a0b', '1587464149');
INSERT INTO `users` (`id`, `firstname`, `lastname`, `email`, `password_hash`, `phone`) VALUES ('106', 'Delphine', 'Batz', 'cwiza@example.net', '0cd401c6ad01ff81788ec2b0432263eb7348c2de', '703367');
INSERT INTO `users` (`id`, `firstname`, `lastname`, `email`, `password_hash`, `phone`) VALUES ('109', 'Adelbert', 'Hauck', 'hulda77@example.net', '1f64e895c64f75d1f5481150540b5de41a3f3b91', '639056');
INSERT INTO `users` (`id`, `firstname`, `lastname`, `email`, `password_hash`, `phone`) VALUES ('110', 'Rozella', 'Osinski', 'bauch.drake@example.org', '919dd91fa9ec4e9e17ecaf82c6babbc2d991eb0f', '75314');
INSERT INTO `users` (`id`, `firstname`, `lastname`, `email`, `password_hash`, `phone`) VALUES ('112', 'Darryl', 'Waelchi', 'kelsi45@example.org', 'a517e7a046518f64e24e4e3658f1b55522abef28', '6044918517');
INSERT INTO `users` (`id`, `firstname`, `lastname`, `email`, `password_hash`, `phone`) VALUES ('113', 'Dave', 'Mosciski', 'jlynch@example.org', 'ccd5d04348c4128981daee48478bd6e24c7169ec', '133974');
INSERT INTO `users` (`id`, `firstname`, `lastname`, `email`, `password_hash`, `phone`) VALUES ('114', 'Kamryn', 'Stokes', 'nbotsford@example.com', '6fc363160f9ca054c0aac9f97e6a46de235bbcd0', '140591');
INSERT INTO `users` (`id`, `firstname`, `lastname`, `email`, `password_hash`, `phone`) VALUES ('118', 'Isabell', 'Gerhold', 'pullrich@example.org', '88ff03a3e7489c9f4901f49784eb1aa1f25eca3c', '486669');
INSERT INTO `users` (`id`, `firstname`, `lastname`, `email`, `password_hash`, `phone`) VALUES ('120', 'Liana', 'Ritchie', 'lucius63@example.net', '38ea59fdcd06646da1920425ba86ee70ce4a8c91', '876');
INSERT INTO `users` (`id`, `firstname`, `lastname`, `email`, `password_hash`, `phone`) VALUES ('121', 'Winnifred', 'Kessler', 'hcartwright@example.com', 'd5570827af99321b28d23e559c5c5072f46f0612', '60');
INSERT INTO `users` (`id`, `firstname`, `lastname`, `email`, `password_hash`, `phone`) VALUES ('123', 'Rosemary', 'Russel', 'dwill@example.org', 'a44c80e6e2c4f9e51f3d824c5b7a90993c313bf5', '717');
INSERT INTO `users` (`id`, `firstname`, `lastname`, `email`, `password_hash`, `phone`) VALUES ('125', 'Laurine', 'Johns', 'jade05@example.com', '47e2c19f0867fbea43a8fd9b35ea07f991021e42', '760');
INSERT INTO `users` (`id`, `firstname`, `lastname`, `email`, `password_hash`, `phone`) VALUES ('126', 'Ena', 'Stoltenberg', 'jcollier@example.com', '16461cb697901ef8595f19ece760c4a83e7d84f6', '706');
INSERT INTO `users` (`id`, `firstname`, `lastname`, `email`, `password_hash`, `phone`) VALUES ('127', 'Reyes', 'Keebler', 'frederique20@example.org', '98df96bcfc00e4b0e9cf23fdac2df99bbb51ec4e', '153012');
INSERT INTO `users` (`id`, `firstname`, `lastname`, `email`, `password_hash`, `phone`) VALUES ('128', 'Retha', 'Keebler', 'carlee.douglas@example.net', 'fec44a340ee1b5815cba401fb0610139159cd635', '316593');
INSERT INTO `users` (`id`, `firstname`, `lastname`, `email`, `password_hash`, `phone`) VALUES ('131', 'Gillian', 'Rau', 'blangworth@example.org', 'c8126c2492017e38302957a49daf0e22a8e42e8e', '4845138344');
INSERT INTO `users` (`id`, `firstname`, `lastname`, `email`, `password_hash`, `phone`) VALUES ('132', 'Adelbert', 'Hagenes', 'mohr.corbin@example.com', '5901ebd61eb6f9d21aa8b6ffe8478eb34c5c87c2', '221');
INSERT INTO `users` (`id`, `firstname`, `lastname`, `email`, `password_hash`, `phone`) VALUES ('133', 'Zachary', 'Hara', 'ohowell@example.com', 'a1905ae50b56b7cf8e5248543edfb2a10badd416', '609596');
INSERT INTO `users` (`id`, `firstname`, `lastname`, `email`, `password_hash`, `phone`) VALUES ('135', 'Germaine', 'Blanda', 'lberge@example.com', 'fc018ca8fa5eccbfb103a5131f0fe242b6236631', '299887');
INSERT INTO `users` (`id`, `firstname`, `lastname`, `email`, `password_hash`, `phone`) VALUES ('137', 'Hassan', 'Runte', 'dejuan61@example.org', '11e070289e353c864641231e885ace5717cf065c', '703040');
INSERT INTO `users` (`id`, `firstname`, `lastname`, `email`, `password_hash`, `phone`) VALUES ('138', 'Cale', 'Cassin', 'will.rodger@example.net', '8737622705b034fc9d478c87c80d9ae9b47e459c', '325518');
INSERT INTO `users` (`id`, `firstname`, `lastname`, `email`, `password_hash`, `phone`) VALUES ('139', 'Mylene', 'Reinger', 'roselyn33@example.com', 'e1be5602777a473bea78ffe1006ed6c65cfbe636', '10');
INSERT INTO `users` (`id`, `firstname`, `lastname`, `email`, `password_hash`, `phone`) VALUES ('141', 'Isai', 'Schulist', 'zferry@example.org', '1b1b6879fb30241f232fa7fdb9f371261470df88', '385');
INSERT INTO `users` (`id`, `firstname`, `lastname`, `email`, `password_hash`, `phone`) VALUES ('144', 'Johnathan', 'Waelchi', 'royal.hand@example.org', 'c2c39020528237bf8f7ca229e95eb8ef74f68345', '539741');
INSERT INTO `users` (`id`, `firstname`, `lastname`, `email`, `password_hash`, `phone`) VALUES ('146', 'Opal', 'Boyle', 'rhahn@example.com', '08c58bd6800eff983eede4321c30cdca71baeaea', '850');
INSERT INTO `users` (`id`, `firstname`, `lastname`, `email`, `password_hash`, `phone`) VALUES ('147', 'Lindsey', 'McGlynn', 'christopher.denesik@example.org', 'f4a30535dc549420c1c9047c52570dacac2095ba', '754');
INSERT INTO `users` (`id`, `firstname`, `lastname`, `email`, `password_hash`, `phone`) VALUES ('148', 'Alvis', 'Brakus', 'roslyn45@example.net', '1f05ca6b87ac9cbbcd79b51f960c2a608f3a1697', '254');
INSERT INTO `users` (`id`, `firstname`, `lastname`, `email`, `password_hash`, `phone`) VALUES ('149', 'Hettie', 'Kutch', 'towne.eden@example.com', '8d6abea695ded4e7d0cecb373017b70320e4386e', '313');
INSERT INTO `users` (`id`, `firstname`, `lastname`, `email`, `password_hash`, `phone`) VALUES ('151', 'Jaquan', 'Gerlach', 'eleonore.pagac@example.org', '731cadd4d1e95c29e799e6720341c0d3955f0711', '596');
INSERT INTO `users` (`id`, `firstname`, `lastname`, `email`, `password_hash`, `phone`) VALUES ('154', 'Benedict', 'Hyatt', 'uhackett@example.org', '7468ac71150c497b631c9e720d5db45fc7d0561a', '154');
INSERT INTO `users` (`id`, `firstname`, `lastname`, `email`, `password_hash`, `phone`) VALUES ('155', 'Ellen', 'Prohaska', 'kozey.queen@example.com', 'f63e6338ddd93f509c981cd228656497c8d2af75', '73999');
INSERT INTO `users` (`id`, `firstname`, `lastname`, `email`, `password_hash`, `phone`) VALUES ('157', 'Dolly', 'Bailey', 'mante.keenan@example.net', '8f596d12a51fca19d8387d3c01939c40b816b9f2', '9747452612');
INSERT INTO `users` (`id`, `firstname`, `lastname`, `email`, `password_hash`, `phone`) VALUES ('158', 'Addison', 'Schmidt', 'stamm.hannah@example.com', '552834ecf2897b7baebae8aae7bdf287e69985d1', '971');
INSERT INTO `users` (`id`, `firstname`, `lastname`, `email`, `password_hash`, `phone`) VALUES ('159', 'Hilario', 'West', 'leffler.ephraim@example.org', '3e97faa6607c3f2b997a72e92baa40528914744a', '899043');
INSERT INTO `users` (`id`, `firstname`, `lastname`, `email`, `password_hash`, `phone`) VALUES ('161', 'Earnestine', 'Spencer', 'nickolas.mcclure@example.org', '613ccaa5d66ebfbd24d43684d7acd5217795f54c', '165');
INSERT INTO `users` (`id`, `firstname`, `lastname`, `email`, `password_hash`, `phone`) VALUES ('163', 'Tevin', 'Lindgren', 'augustine.lind@example.net', 'a2371aad36f246e213c1922e3f60f39d972935e6', '2313852392');
INSERT INTO `users` (`id`, `firstname`, `lastname`, `email`, `password_hash`, `phone`) VALUES ('164', 'Ismael', 'Schinner', 'cristal.altenwerth@example.org', '548ce85e0718ac43da1c18059e94b6b9756ec8b0', '196643');
INSERT INTO `users` (`id`, `firstname`, `lastname`, `email`, `password_hash`, `phone`) VALUES ('165', 'Myrl', 'Rohan', 'polly.murphy@example.org', '11ef90bb193c08ad2f8a6ac6e7e19dbe96d24193', '951753');
INSERT INTO `users` (`id`, `firstname`, `lastname`, `email`, `password_hash`, `phone`) VALUES ('166', 'Karl', 'Crona', 'bettie04@example.com', 'b37ff1a98887832e66612e1eb57d3f977838260e', '57');
INSERT INTO `users` (`id`, `firstname`, `lastname`, `email`, `password_hash`, `phone`) VALUES ('167', 'Anais', 'Aufderhar', 'else.emard@example.org', 'c810f9643cff4e33edfb56cf08ca1421e4b65ee9', '86149');
INSERT INTO `users` (`id`, `firstname`, `lastname`, `email`, `password_hash`, `phone`) VALUES ('170', 'Renee', 'Wolf', 'pfeeney@example.org', 'ac5a65901519cb2b851df146064036eeffa3e4ec', '511');
INSERT INTO `users` (`id`, `firstname`, `lastname`, `email`, `password_hash`, `phone`) VALUES ('171', 'Shany', 'Mitchell', 'kenton84@example.net', '838874c471a49b04c72fdf4cf213606c94d5a9a6', '900829');
INSERT INTO `users` (`id`, `firstname`, `lastname`, `email`, `password_hash`, `phone`) VALUES ('172', 'Oswaldo', 'Feest', 'sswift@example.org', '2fd9a81ac91f957941785ed35f3cb8f8d1fab844', '651400');
INSERT INTO `users` (`id`, `firstname`, `lastname`, `email`, `password_hash`, `phone`) VALUES ('173', 'Myrna', 'Conroy', 'hpowlowski@example.net', 'ecf5d5a239dc08a2722b610a1b490c89ebad395b', '922');
INSERT INTO `users` (`id`, `firstname`, `lastname`, `email`, `password_hash`, `phone`) VALUES ('175', 'Noemi', 'Jakubowski', 'bschmitt@example.org', '4478cafb291253598602f0d2b6791a34e0fb1309', '61');
INSERT INTO `users` (`id`, `firstname`, `lastname`, `email`, `password_hash`, `phone`) VALUES ('176', 'Ellie', 'Corwin', 'kwaters@example.org', 'a8ae37ae40fceea8f3c76e1a5df97b2fd93a37dd', '83439');
INSERT INTO `users` (`id`, `firstname`, `lastname`, `email`, `password_hash`, `phone`) VALUES ('180', 'Maurine', 'Boyer', 'hschmeler@example.net', 'dd27acf7ead24f28730b9b9506bb765e95921132', '533');
INSERT INTO `users` (`id`, `firstname`, `lastname`, `email`, `password_hash`, `phone`) VALUES ('182', 'Wilson', 'Lowe', 'dillon.quigley@example.com', '05e544eb7a7709a4b79e5ce3fa73e0fc1f7f1a1d', '18');
INSERT INTO `users` (`id`, `firstname`, `lastname`, `email`, `password_hash`, `phone`) VALUES ('183', 'Bethany', 'Kassulke', 'hlemke@example.org', 'bfd499cffa3dd414afb195dc166d99a19ea1d57e', '43');
INSERT INTO `users` (`id`, `firstname`, `lastname`, `email`, `password_hash`, `phone`) VALUES ('184', 'Amparo', 'Kihn', 'von.abraham@example.org', '45c45aad2a39011878bfa41615c5aa77c5a6a1b5', '359516');
INSERT INTO `users` (`id`, `firstname`, `lastname`, `email`, `password_hash`, `phone`) VALUES ('185', 'Laverna', 'Hane', 'ckautzer@example.net', 'cee95f73ab32e5b10243ab73acd1c984b908636c', '882');
INSERT INTO `users` (`id`, `firstname`, `lastname`, `email`, `password_hash`, `phone`) VALUES ('192', 'Lambert', 'Douglas', 'buckridge.naomi@example.net', 'd41c51dc68dcc0f563482ad9eb428e1233666164', '6265384052');
INSERT INTO `users` (`id`, `firstname`, `lastname`, `email`, `password_hash`, `phone`) VALUES ('193', 'Henderson', 'Schmitt', 'tritchie@example.org', 'f446593666212918fb61caac247d51aa511c774a', '267092');
INSERT INTO `users` (`id`, `firstname`, `lastname`, `email`, `password_hash`, `phone`) VALUES ('194', 'Leanne', 'Veum', 'ondricka.ford@example.net', '54d62d1a55bb5269ab4b3358ce346e8e5199bd26', '178054');
INSERT INTO `users` (`id`, `firstname`, `lastname`, `email`, `password_hash`, `phone`) VALUES ('199', 'Alysha', 'Zemlak', 'adah81@example.org', '51fb2ce52b4984bb54013ec94e589a7416ab8475', '648905');
INSERT INTO `users` (`id`, `firstname`, `lastname`, `email`, `password_hash`, `phone`) VALUES ('200', 'Verona', 'Crooks', 'derrick.graham@example.com', '2d6dc226aeb18d493c210faf9531980a386dc25a', '565420');


#
# TABLE STRUCTURE FOR: users_communities
#

DROP TABLE IF EXISTS `users_communities`;

CREATE TABLE `users_communities` (
  `user_id` bigint(20) unsigned NOT NULL,
  `community_id` bigint(20) unsigned NOT NULL,
  PRIMARY KEY (`user_id`,`community_id`),
  KEY `community_id` (`community_id`),
  CONSTRAINT `users_communities_ibfk_1` FOREIGN KEY (`user_id`) REFERENCES `users` (`id`),
  CONSTRAINT `users_communities_ibfk_2` FOREIGN KEY (`community_id`) REFERENCES `communities` (`id`)
) ENGINE=InnoDB DEFAULT CHARSET=utf8mb4 COLLATE=utf8mb4_unicode_ci;

INSERT INTO `users_communities` (`user_id`, `community_id`) VALUES ('101', '1');
INSERT INTO `users_communities` (`user_id`, `community_id`) VALUES ('101', '60');
INSERT INTO `users_communities` (`user_id`, `community_id`) VALUES ('102', '2');
INSERT INTO `users_communities` (`user_id`, `community_id`) VALUES ('102', '61');
INSERT INTO `users_communities` (`user_id`, `community_id`) VALUES ('103', '3');
INSERT INTO `users_communities` (`user_id`, `community_id`) VALUES ('103', '62');
INSERT INTO `users_communities` (`user_id`, `community_id`) VALUES ('105', '4');
INSERT INTO `users_communities` (`user_id`, `community_id`) VALUES ('105', '63');
INSERT INTO `users_communities` (`user_id`, `community_id`) VALUES ('106', '5');
INSERT INTO `users_communities` (`user_id`, `community_id`) VALUES ('106', '64');
INSERT INTO `users_communities` (`user_id`, `community_id`) VALUES ('109', '6');
INSERT INTO `users_communities` (`user_id`, `community_id`) VALUES ('109', '65');
INSERT INTO `users_communities` (`user_id`, `community_id`) VALUES ('110', '7');
INSERT INTO `users_communities` (`user_id`, `community_id`) VALUES ('110', '66');
INSERT INTO `users_communities` (`user_id`, `community_id`) VALUES ('112', '8');
INSERT INTO `users_communities` (`user_id`, `community_id`) VALUES ('112', '67');
INSERT INTO `users_communities` (`user_id`, `community_id`) VALUES ('113', '9');
INSERT INTO `users_communities` (`user_id`, `community_id`) VALUES ('113', '68');
INSERT INTO `users_communities` (`user_id`, `community_id`) VALUES ('114', '10');
INSERT INTO `users_communities` (`user_id`, `community_id`) VALUES ('114', '69');
INSERT INTO `users_communities` (`user_id`, `community_id`) VALUES ('118', '11');
INSERT INTO `users_communities` (`user_id`, `community_id`) VALUES ('118', '70');
INSERT INTO `users_communities` (`user_id`, `community_id`) VALUES ('120', '12');
INSERT INTO `users_communities` (`user_id`, `community_id`) VALUES ('120', '71');
INSERT INTO `users_communities` (`user_id`, `community_id`) VALUES ('121', '13');
INSERT INTO `users_communities` (`user_id`, `community_id`) VALUES ('121', '72');
INSERT INTO `users_communities` (`user_id`, `community_id`) VALUES ('123', '14');
INSERT INTO `users_communities` (`user_id`, `community_id`) VALUES ('123', '73');
INSERT INTO `users_communities` (`user_id`, `community_id`) VALUES ('125', '15');
INSERT INTO `users_communities` (`user_id`, `community_id`) VALUES ('125', '74');
INSERT INTO `users_communities` (`user_id`, `community_id`) VALUES ('126', '16');
INSERT INTO `users_communities` (`user_id`, `community_id`) VALUES ('126', '75');
INSERT INTO `users_communities` (`user_id`, `community_id`) VALUES ('127', '17');
INSERT INTO `users_communities` (`user_id`, `community_id`) VALUES ('127', '76');
INSERT INTO `users_communities` (`user_id`, `community_id`) VALUES ('128', '18');
INSERT INTO `users_communities` (`user_id`, `community_id`) VALUES ('128', '77');
INSERT INTO `users_communities` (`user_id`, `community_id`) VALUES ('131', '19');
INSERT INTO `users_communities` (`user_id`, `community_id`) VALUES ('131', '78');
INSERT INTO `users_communities` (`user_id`, `community_id`) VALUES ('132', '20');
INSERT INTO `users_communities` (`user_id`, `community_id`) VALUES ('132', '79');
INSERT INTO `users_communities` (`user_id`, `community_id`) VALUES ('133', '21');
INSERT INTO `users_communities` (`user_id`, `community_id`) VALUES ('133', '80');
INSERT INTO `users_communities` (`user_id`, `community_id`) VALUES ('135', '22');
INSERT INTO `users_communities` (`user_id`, `community_id`) VALUES ('135', '81');
INSERT INTO `users_communities` (`user_id`, `community_id`) VALUES ('137', '23');
INSERT INTO `users_communities` (`user_id`, `community_id`) VALUES ('137', '82');
INSERT INTO `users_communities` (`user_id`, `community_id`) VALUES ('138', '24');
INSERT INTO `users_communities` (`user_id`, `community_id`) VALUES ('138', '83');
INSERT INTO `users_communities` (`user_id`, `community_id`) VALUES ('139', '25');
INSERT INTO `users_communities` (`user_id`, `community_id`) VALUES ('139', '84');
INSERT INTO `users_communities` (`user_id`, `community_id`) VALUES ('141', '26');
INSERT INTO `users_communities` (`user_id`, `community_id`) VALUES ('141', '85');
INSERT INTO `users_communities` (`user_id`, `community_id`) VALUES ('144', '27');
INSERT INTO `users_communities` (`user_id`, `community_id`) VALUES ('144', '86');
INSERT INTO `users_communities` (`user_id`, `community_id`) VALUES ('146', '28');
INSERT INTO `users_communities` (`user_id`, `community_id`) VALUES ('146', '87');
INSERT INTO `users_communities` (`user_id`, `community_id`) VALUES ('147', '29');
INSERT INTO `users_communities` (`user_id`, `community_id`) VALUES ('147', '88');
INSERT INTO `users_communities` (`user_id`, `community_id`) VALUES ('148', '30');
INSERT INTO `users_communities` (`user_id`, `community_id`) VALUES ('148', '89');
INSERT INTO `users_communities` (`user_id`, `community_id`) VALUES ('149', '31');
INSERT INTO `users_communities` (`user_id`, `community_id`) VALUES ('149', '90');
INSERT INTO `users_communities` (`user_id`, `community_id`) VALUES ('151', '32');
INSERT INTO `users_communities` (`user_id`, `community_id`) VALUES ('151', '91');
INSERT INTO `users_communities` (`user_id`, `community_id`) VALUES ('154', '33');
INSERT INTO `users_communities` (`user_id`, `community_id`) VALUES ('154', '92');
INSERT INTO `users_communities` (`user_id`, `community_id`) VALUES ('155', '34');
INSERT INTO `users_communities` (`user_id`, `community_id`) VALUES ('155', '93');
INSERT INTO `users_communities` (`user_id`, `community_id`) VALUES ('157', '35');
INSERT INTO `users_communities` (`user_id`, `community_id`) VALUES ('157', '94');
INSERT INTO `users_communities` (`user_id`, `community_id`) VALUES ('158', '36');
INSERT INTO `users_communities` (`user_id`, `community_id`) VALUES ('158', '95');
INSERT INTO `users_communities` (`user_id`, `community_id`) VALUES ('159', '37');
INSERT INTO `users_communities` (`user_id`, `community_id`) VALUES ('159', '96');
INSERT INTO `users_communities` (`user_id`, `community_id`) VALUES ('161', '38');
INSERT INTO `users_communities` (`user_id`, `community_id`) VALUES ('161', '97');
INSERT INTO `users_communities` (`user_id`, `community_id`) VALUES ('163', '39');
INSERT INTO `users_communities` (`user_id`, `community_id`) VALUES ('163', '98');
INSERT INTO `users_communities` (`user_id`, `community_id`) VALUES ('164', '40');
INSERT INTO `users_communities` (`user_id`, `community_id`) VALUES ('164', '99');
INSERT INTO `users_communities` (`user_id`, `community_id`) VALUES ('165', '41');
INSERT INTO `users_communities` (`user_id`, `community_id`) VALUES ('165', '100');
INSERT INTO `users_communities` (`user_id`, `community_id`) VALUES ('166', '42');
INSERT INTO `users_communities` (`user_id`, `community_id`) VALUES ('167', '43');
INSERT INTO `users_communities` (`user_id`, `community_id`) VALUES ('170', '44');
INSERT INTO `users_communities` (`user_id`, `community_id`) VALUES ('171', '45');
INSERT INTO `users_communities` (`user_id`, `community_id`) VALUES ('172', '46');
INSERT INTO `users_communities` (`user_id`, `community_id`) VALUES ('173', '47');
INSERT INTO `users_communities` (`user_id`, `community_id`) VALUES ('175', '48');
INSERT INTO `users_communities` (`user_id`, `community_id`) VALUES ('176', '49');
INSERT INTO `users_communities` (`user_id`, `community_id`) VALUES ('180', '50');
INSERT INTO `users_communities` (`user_id`, `community_id`) VALUES ('182', '51');
INSERT INTO `users_communities` (`user_id`, `community_id`) VALUES ('183', '52');
INSERT INTO `users_communities` (`user_id`, `community_id`) VALUES ('184', '53');
INSERT INTO `users_communities` (`user_id`, `community_id`) VALUES ('185', '54');
INSERT INTO `users_communities` (`user_id`, `community_id`) VALUES ('192', '55');
INSERT INTO `users_communities` (`user_id`, `community_id`) VALUES ('193', '56');
INSERT INTO `users_communities` (`user_id`, `community_id`) VALUES ('194', '57');
INSERT INTO `users_communities` (`user_id`, `community_id`) VALUES ('199', '58');
INSERT INTO `users_communities` (`user_id`, `community_id`) VALUES ('200', '59');


